UNIQUE CODE,STATE,PARLIAMENTARY CODE,PARLIAMENTARY NAME,LATITUDE,LONGITUDE,WINNING PARTY, PARTY,UNCONTESTED VICTORY,TOTAL ELECTORATE,WINNING MAJORITY,TURNOUT,TOTAL BALLOT ISSUED,TOTAL UNRETURNED VOTES,TOTAL REJECTED VOTES,TOTAL VALID VOTES,BN,BN CANDIDATE,BN CANDIDATE SEX,BN CANDIDATE AGE,BN CANDIDATE VOTE,BN CANDIDATE LOST DEPOSIT,PH,PH CANDIDATE,PH CANDIDATE SEX,PH CANDIDATE AGE,PH CANDIDATE VOTE,PH CANDIDATE LOST DEPOSIT,GS,GS CANDIDATE,GS CANDIDATE SEX,GS CANDIDATE AGE,GS CANDIDATE VOTE,GS CANDIDATE LOST DEPOSIT,GSABAH (1),GSABAH (1) CANDIDATE,GSABAH (1) CANDIDATE SEX,GSABAH (1) CANDIDATE AGE,GSABAH (1) VOTE,GSABAH (1) CANDIDATE LOST DEPOSIT,GSABAH (2),GSABAH (2) CANDIDATE,GSABAH (2) CANDIDATE SEX,GSABAH (2) CANDIDATE AGE,GSABAH (2) VOTE,GSABAH (2) CANDIDATE LOST DEPOSIT,WARISAN,WARISAN CANDIDATE,WARISAN CANDIDATE SEX,WARISAN CANDIDATE AGE,WARISAN CANDIDATE VOTE,WARISAN CANDIDATE LOST DEPOSIT,OTHER PARTY 1,OTHER PARTY 1 CANDIDATE,OTHER PARTY 1 CANDIDATE SEX,OTHER PARTY 1 CANDIDATE AGE,OTHER PARTY 1 CANDIDATE VOTE,OTHER PARTY 1 CANDIDATE LOST DEPOSIT,OTHER PARTY 2,OTHER PARTY 2 CANDIDATE,OTHER PARTY 2 CANDIDATE SEX,OTHER PARTY 2 CANDIDATE AGE,OTHER PARTY 2 CANDIDATE VOTE,OTHER PARTY 2 CANDIDATE LOST DEPOSIT,INDEPENDENT 1,INDEPDENDENT 1 CANDIDATE,INDEPENDENT 1 CANDIDATE SEX,INDEPENDENT 1 CANDIDATE AGE,INDEPENDENT 1 CANDIDATE VOTE,INDEPENDENT 1 CANDIDATE LOST DEPOSIT,INDEPENDENT 2,INDEPDENDENT 2 CANDIDATE,INDEPENDENT 2 CANDIDATE SEX,INDEPENDENT 2 CANDIDATE AGE,INDEPENDENT 2 CANDIDATE VOTE,INDEPENDENT 2 CANDIDATE LOST DEPOSIT
P.001,Perlis,P.001,Padang Besar,6.65906,100.319229,BN - UMNO,Barisan Nasional (BN),,46096,1438,81.20,37432,152,780,36500,UMNO,DATUK ZAHIDI BIN ZAINUL ABIDIN,MALE,57,15032,,PPBM,IZIZAM BIN IBRAHIM,MALE,,13594,,PAS,USTAZ MOKHTAR SENIK,MALE,54,7874,,,,,,,,,,,,,,,,,,,,,,,,,,,,,,,,,,,,,,,,,,,
P.002,Perlis,P.002,Kangar,6.43994,100.192909,PH - PKR,Pakatan Harapan (PH),,55938,5603,81.70,45703,217,806,44680,UMNO,RAMLI SHARIFF,MALE,,15306,,PKR,AMIN AHMAD,MALE,36,20909,,PAS,USTAZ ZAHID IBRAHIM,MALE,35,8465,,,,,,,,,,,,,,,,,,,,,,,,,,,,,,,,,,,,,,,,,,,
P.003,Perlis,P.003,Arau,6.429708,100.269844,BN - UMNO,Barisan Nasional (BN),,48187,4856,83.91,40433,143,690,39600,UMNO,SHAHIDAN BIN KASSIM,MALE,67,16547,,PPBM,DATO' DR. HAJI ABD RAHMAN BIN DAUD,MALE,,11691,,PAS,USTAZ HASHIM JASIN,MALE,79,11362,,,,,,,,,,,,,,,,,,,,,,,,,,,,,,,,,,,,,,,,,,,
P.004,Kedah,P.004,Langkawi,6.35,99.800003,PH - PPBM,Pakatan Harapan (PH),,42697,8893,82.56,35250,119,604,34527,UMNO,DATO' IR. NAWAWI BIN AHMAD,MALE,57,10061,,PPBM,DR MAHATHIR BIN MOHAMAD,MALE,93,18954,,PAS,ZUBIR BIN AHMAD,MALE,55,5512,,,,,,,,,,,,,,,,,,,,,,,,,,,,,,,,,,,,,,,,,,,
P.005,Kedah,P.005,Jerlun,6.24003,100.256821,PH - PPBM,Pakatan Harapan (PH),,54132,5866,82.80,44822,162,723,43937,UMNO,OTHMAN BIN AZIZ,MALE,59,12413,,PPBM,MUKHRIZ MAHATHIR,MALE,54,18695,,PAS,ABD. GHANI BIN AHMAD,MALE,48,12829,,,,,,,,,,,,,,,,,,,,,,,,,,,,,,,,,,,,,,,,,,,
P.006,Kedah,P.006,Kubang Pasu,6.3356376,100.3723218,PH - PPBM,Pakatan Harapan (PH),,73881,13009,83.18,61452,348,770,60334,UMNO,DATO' SRI MOHD JOHARI BIN BAHARUM,MALE,,16975,,PPBM,DATO' AMIRUDDIN HAMZAH,MALE,56,29984,,PAS,NORHAFIZA BINTI FADZIL,FEMALE,42,13375,,,,,,,,,,,,,,,,,,,,,,,,,,,,,,,,,,,,,,,,,,,
P.007,Kedah,P.007,Padang Terap,6.2566513,100.6645805,BN - UMNO,Barisan Nasional (BN),,46644,1099,85.61,39932,155,854,38923,UMNO,DATO' SERI MAHDZIR KHALID,MALE,58,16384,,PAN,KHAIRIZAL KHAZALI,MALE,37,7254,,PAS,USTAZ AZAM BIN AZIZ,MALE,,15285,,,,,,,,,,,,,,,,,,,,,,,,,,,,,,,,,,,,,,,,,,,
P.008,Kedah,P.008,Pokok Sena,6.1730525,100.5203915,PH - PAN,Pakatan Harapan (PH),,86892,5558,82.76,71910,291,869,70750,UMNO,DATO' SAID ALI BIN SYED RASTAN,MALE,,18390,,PAN,DATO' HJ MAHFUZ OMAR,MALE,61,28959,,PAS,RADHI MAT DIN,MALE,53,23401,,,,,,,,,,,,,,,,,,,,,,,,,,,,,,,,,,,,,,,,,,,
P.009,Kedah,P.009,Alor Setar,6.1231908,100.3683962,PH - PKR,Pakatan Harapan (PH),,80272,15200,81.09,65096,284,881,63931,MCA,YOO WEI HOW,MALE,45,14181,,PKR,CHAN MING KAI,MALE,38,32475,,PAS,AMINUR SHAFIQ,MALE,28,17275,,,,,,,,,,,,,,,,,,,,,,,,,,,,,,,,,,,,,,,,,,,
P.010,Kedah,P.010,Kuala Kedah,6.1072177,100.2934899,PH - PKR,Pakatan Harapan (PH),,97753,13481,82.41,80555,277,1111,79167,UMNO,ABDULLAH HASNAN BIN KAMARUDDIN,MALE,,19400,,PKR,DR AZMAN ISMAIL,MALE,60,36624,,PAS,MUHAMAD RIDUAN BIN OTHMAN,MALE,43,23143,,,,,,,,,,,,,,,,,,,,,,,,,,,,,,,,,,,,,,,,,,,
P.011,Kedah,P.011,Pendang,5.9720841,100.5501852,GS - PAS,PAS,,74867,5808,84.64,63371,173,952,62246,UMNO,OTHMAN BIN ABDUL,MALE,55,20728,,PPBM,WAN SAIFUL WAN JAN,MALE,43,14901,,PAS,HJ. AWANG SOLAHUDIN,MALE,,26536,,,,,,,,,,,,,,,,,,,,,,,,,,,,,,,,INDEPENDENT - KEY,PENGHULU MALIK,MALE,,81,LOST DEPOSIT,,,,,,
P.012,Kedah,P.012,Jerai,5.787128,100.4347358,GS - PAS,PAS,,79976,539,83.68,66920,172,1012,65736,UMNO,DATO' SERI JAMIL KHIR BIN BAHAROM,MALE,57,21773,,PPBM,AKHRAMSYAH BIN SANUSI JUNID,MALE,,21651,,PAS,USTAZ SABRI BIN AZIT,MALE,52,22312,,,,,,,,,,,,,,,,,,,,,,,,,,,,,,,,,,,,,,,,,,,
P.013,Kedah,P.013,Sik,5.9239011,100.8231021,GS - PAS,PAS,,50385,5218,84.89,42772,115,729,41928,UMNO,DR MANSOR BIN ABD RAHMAN,MALE,,14870,,PAN,AZLI CHE UDA,MALE,39,6970,,PAS,USTAZ TARMIZI SULAIMAN,MALE,42,20088,,,,,,,,,,,,,,,,,,,,,,,,,,,,,,,,,,,,,,,,,,,
P.014,Kedah,P.014,Merbok,5.7226681,100.4136266,PH - PKR,Pakatan Harapan (PH),,87782,10072,82.83,72708,250,1108,71350,UMNO,DATO' TAJUL URUS HJ. MAT ZAIN,MALE,66,20830,,PKR,NURIN AINA,FEMALE,42,30902,,PAS,USTAZ AHMAD FAUZI,MALE,,19618,,,,,,,,,,,,,,,,,,,,,,,,,,,,,,,,,,,,,,,,,,,
P.015,Kedah,P.015,Sungai Petani,5.6435195,100.4869513,PH - PKR,Pakatan Harapan (PH),,112577,21569,83.36,93847,424,889,92534,UMNO,DATO' SHAHANIM BINTI MOHAMAD YUSOFF,FEMALE,,23963,,PKR,DATO' JOHARI ABDUL,MALE,63,45532,,PAS,USTAZ SHARIR LONG,MALE,,22760,,,,,,,,,,,,,,,,,,,,PRM,P. SRITHARAN,MALE,,279,LOST DEPOSIT,,,,,,,,,,,,,,,,,,
P.016,Kedah,P.016,Baling,5.5507199,100.797587,BN - UMNO,Barisan Nasional (BN),,107213,1074,85.93,92128,228,1388,90512,UMNO,DATUK AZEEZ RAHIM,MALE,52,38557,,PPBM,MOHD TAUFIK BIN HJ YAACOB,MALE,,14472,,PAS,USTAZ HASSAN BIN SAAD,MALE,,37483,,,,,,,,,,,,,,,,,,,,,,,,,,,,,,,,,,,,,,,,,,,
P.017,Kedah,P.017,Padang Serai,5.5126654,100.554626,PH - PKR,Pakatan Harapan (PH),,84834,8813,83.88,71157,246,827,70084,MCA,DATO' DR. LEONG YONG KONG,MALE,58,15449,,PKR,KARUPAIYA MUTUSAMI,MALE,65,31724,,PAS,MUHAMAD SOBRI BIN OSMAN,MALE,,22911,,,,,,,,,,,,,,,,,,,,,,,,,,,,,,,,,,,,,,,,,,,
P.018,Kedah,P.018,Kulim-Bandar Baharu,5.2099939,100.6118843,PH - PKR,Pakatan Harapan (PH),,66587,4860,83.18,55390,153,894,54343,UMNO,DATO' ABD AZIZ HJ. SHEIKH FADZIR,MALE,55,18299,,PKR,DATO' SAIFUDDIN NASUTION ISMAIL,MALE,55,23159,,PAS,USTAZ HASSAN RAZAK,MALE,67,12885,,,,,,,,,,,,,,,,,,,,,,,,,,,,,,,,,,,,,,,,,,,
P.019,Kelantan,P.019,Tumpat,6.2002519,102.1706651,GS - PAS,PAS,,110924,17500,79.99,88733,746,1402,86585,UMNO,DATUK WAN,MALE,65,29541,,PPBM,DATUK NORDIN BIN SALLEH,MALE,75,10003,LOST DEPOSIT,PAS,DATO HJ CHE LAH MAT NAWI,MALE,46,47041,,,,,,,,,,,,,,,,,,,,,,,,,,,,,,,,,,,,,,,,,,,
P.020,Kelantan,P.020,Pengkalan Chepa,6.172658,102.293098,GS - PAS,PAS,,75384,13232,80.74,60862,736,739,59387,UMNO,DATUK ZALUZI,MALE,53,19360,,PAN,MEJAR MAT,MALE,65,7435,,PAS,USTAZ MARZUK SHAARY,MALE,43,32592,,,,,,,,,,,,,,,,,,,,,,,,,,,,,,,,,,,,,,,,,,,
P.021,Kelantan,P.021,Kota Bharu,6.12584,102.2399785,GS - PAS,PAS,,88708,5869,77.00,68306,648,689,66969,UMNO,FIKHRAN HAMSHI,MALE,32,16256,,PAN,HUSAM MUSA,MALE,59,22422,,PAS,DATO' TAKIYUDDIN,MALE,56,28291,,,,,,,,,,,,,,,,,,,,,,,,,,,,,,,,,,,,,,,,,,,
P.022,Kelantan,P.022,Pasir Mas,6.0080942,102.0925134,GS - PAS,PAS,,71222,13075,77.67,55319,536,1232,53551,UMNO,NOR AZMAWI @ BAWI,MALE,44,15005,,PPBM,CHE UJANG,MALE,,5093,LOST DEPOSIT,PAS,USTAZ FADHLI SHAARI,MALE,38,28080,,,,,,,,,,,,,,,,,,,,,,,,,,,,,,,,INDEPENDENT - CUP,DATO' DR. IBRAHIM BIN ALI,MALE,67,5373,LOST DEPOSIT,,,,,,
P.023,Kelantan,P.023,Rantau Panjang,6.0181186,101.9728195,GS - PAS,PAS,,66115,6150,75.08,49639,441,825,48373,UMNO,ABDULLAH BIN MAT YASIM,MALE,63,18431,,PAN,DR SHAH,MALE,46,5361,LOST DEPOSIT,PAS,KAK LAH,FEMALE,55,24581,,,,,,,,,,,,,,,,,,,,,,,,,,,,,,,,,,,,,,,,,,,
P.024,Kelantan,P.024,Kubang Kerian,6.0940366,102.2845137,GS - PAS,PAS,,82018,19369,79.09,64867,704,735,63428,UMNO,DATO' SRI MUHAMMAD ABD GHANI,MALE,,16251,,PAN,DATO DR HALIM,MALE,58,11557,,PAS,USTAZ TUAN IBRAHIM,MALE,58,35620,,,,,,,,,,,,,,,,,,,,,,,,,,,,,,,,,,,,,,,,,,,
P.025,Kelantan,P.025,Bachok,6.0616322,102.4008505,GS - PAS,PAS,,92606,3292,82.01,75945,833,1148,73964,UMNO,DATUK AWANG,MALE,63,32896,,PPBM,HJ ZUL,MALE,,4880,LOST DEPOSIT,PAS,USTAZ NIK ABDUH,MALE,48,36188,,,,,,,,,,,,,,,,,,,,,,,,,,,,,,,,,,,,,,,,,,,
P.026,Kelantan,P.026,Ketereh,5.9588765,102.251282,BN - UMNO,Barisan Nasional (BN),,65238,4626,83.39,54404,516,781,53107,UMNO,TAN SRI ANNUAR MUSA,MALE,62,25467,,PPBM,DR RADZI JIDIN,MALE,41,6799,,PAS,USTAZ WAN,MALE,63,20841,,,,,,,,,,,,,,,,,,,,,,,,,,,,,,,,,,,,,,,,,,,
P.027,Kelantan,P.027,Tanah Merah,5.7663046,102.0341478,BN - UMNO,Barisan Nasional (BN),,73172,2929,81.45,59598,490,986,58122,UMNO,DATO' SRI HJ IKMAL HISHAM BIN ABDUL AZIZ,MALE,53,28152,,PKR,DR FAUZI,MALE,57,4747,LOST DEPOSIT,PAS,DATO' DR JOHARI MAT,MALE,62,25223,,,,,,,,,,,,,,,,,,,,,,,,,,,,,,,,,,,,,,,,,,,
P.028,Kelantan,P.028,Pasir Puteh,5.8346168,102.3829644,GS - PAS,PAS,,85411,1360,81.66,69745,672,923,68150,UMNO,DR. ASYRAF WAJDI DUSUKI,MALE,42,30947,,PPBM,DATUK KAMARUDIN (ABE DIN),MALE,70,4896,LOST DEPOSIT,PAS,USTAZ DR. NIK ZAWAWI,MALE,51,32307,,,,,,,,,,,,,,,,,,,,,,,,,,,,,,,,,,,,,,,,,,,
P.029,Kelantan,P.029,Machang,5.7641131,102.214217,BN - UMNO,Barisan Nasional (BN),,68387,2824,82.35,56320,496,801,55023,UMNO,DATUK JAZLAN,MALE,54,26076,,PPBM,DATO' SAZMI,MALE,54,5695,LOST DEPOSIT,PAS,ZULKIFLI MAMAT,MALE,,23252,,,,,,,,,,,,,,,,,,,,,,,,,,,,,,,,,,,,,,,,,,,
P.030,Kelantan,P.030,Jeli,5.6955226,101.8449367,BN - UMNO,Barisan Nasional (BN),,47470,6647,83.48,39627,466,400,38761,UMNO,DATO' PA,MALE,68,21665,,PPBM,AZRAN BIN DERAMAN,MALE,36,2078,LOST DEPOSIT,PAS,CIKGU MAT,MALE,,15018,,,,,,,,,,,,,,,,,,,,,,,,,,,,,,,,,,,,,,,,,,,
P.031,Kelantan,P.031,Kuala Krai,5.5311582,102.1993666,GS - PAS,PAS,,70348,7992,80.00,56278,430,861,54987,UMNO,DATO RAMZI,MALE,60,20911,,PAN,DR IR YAZID,MALE,61,5173,LOST DEPOSIT,PAS,USTAZ LATIFF,MALE,47,28903,,,,,,,,,,,,,,,,,,,,,,,,,,,,,,,,,,,,,,,,,,,
P.032,Kelantan,P.032,Gua Musang,4.8792724,101.9652332,BN - UMNO,Barisan Nasional (BN),,52524,3913,78.45,41206,322,948,39936,UMNO,TENGKU RAZALEIGH HAMZAH,MALE,81,19426,,PPBM,ABE NOR,MALE,,4997,,PAS,USTAZ ABDULLAH,MALE,,15513,,,,,,,,,,,,,,,,,,,,,,,,,,,,,,,,,,,,,,,,,,,
P.033,Terengganu,P.033,Besut,5.5833333,102.5,BN - UMNO,Barisan Nasional (BN),,86627,4599,83.49,72323,485,903,70935,UMNO,IDRIS JUSOH,MALE,63,34335,,PPBM,DATO IR'. HAJI WAN NAZARI,MALE,,6864,LOST DEPOSIT,PAS,DR USTAZ RIDUAN MOHMAD NOR,MALE,47,29736,,,,,,,,,,,,,,,,,,,,,,,,,,,,,,,,,,,,,,,,,,,
P.034,Terengganu,P.034,Setiu,5.5500806,102.7355111,GS - PAS,PAS,,86247,2802,85.42,73673,451,1244,71978,UMNO,DATO' HAJI MOHD JIDIN BIN SHAFEE,MALE,63,32218,,PPBM,DATO' DR MOHD FAUDZI BIN MUSA,MALE,,4740,LOST DEPOSIT,PAS,USTAZ ZUKIRNAIN AB KADIR,MALE,49,35020,,,,,,,,,,,,,,,,,,,,,,,,,,,,,,,,,,,,,,,,,,,
P.035,Terengganu,P.035,Kuala Nerus,5.3333333,103,GS - PAS,PAS,,83663,8447,87.51,73211,379,727,72105,UMNO,DR. TENGKU ASMADI,MALE,54,29527,,PAN,HAJI ABDULLAH,MALE,,4604,LOST DEPOSIT,PAS,USTAZ DATO' DR KHAIRUDDIN TAKIRI,MALE,45,37974,,,,,,,,,,,,,,,,,,,,,,,,,,,,,,,,,,,,,,,,,,,
P.036,Terengganu,P.036,Kuala Terengganu,5.3296461,103.1383265,GS - PAS,PAS,,103611,14773,84.73,87786,436,767,86583,UMNO,WAN NAWAWI BIN HAJI WAN ISMAIL,MALE,61,28215,,PAN,DATO RAJA BAHRIN,MALE,63,15380,,PAS,HAJI AMZAD HASHIM,MALE,48,42988,,,,,,,,,,,,,,,,,,,,,,,,,,,,,,,,,,,,,,,,,,,
P.037,Terengganu,P.037,Marang,5.1666667,103.1666667,GS - PAS,PAS,,104898,21954,87.75,92046,336,1028,90682,UMNO,MOHAMAD NOR BIN ENDOT,MALE,58,31795,,PAN,ZARAWI BIN SULONG,MALE,56,5138,LOST DEPOSIT,PAS,TUAN GURU HAJI ABDUL HADI AWANG,MALE,71,53749,,,,,,,,,,,,,,,,,,,,,,,,,,,,,,,,,,,,,,,,,,,
P.038,Terengganu,P.038,Hulu Terengganu,4.910689,102.7650701,BN - UMNO,Barisan Nasional (BN),,73487,2868,86.31,63428,211,871,62346,UMNO,DATO' ROSOL BIN WAHID,MALE,54,30925,,PPBM,DATUK RAZALI IDRIS,MALE,52,3364,LOST DEPOSIT,PAS,HAJI MUHYIDIN ABDUL RASHID,MALE,,28057,,,,,,,,,,,,,,,,,,,,,,,,,,,,,,,,,,,,,,,,,,,
P.039,Terengganu,P.039,Dungun,4.7643972,103.4184463,GS - PAS,PAS,,90506,13119,84.75,76706,406,886,75414,UMNO,DATO DIN,MALE,57,27731,,PKR,HJ. ABD RAHMAN YUSOF,MALE,61,6833,LOST DEPOSIT,PAS,USTAZ WAN HASSAN MOHD RAMLI,MALE,61,40850,,,,,,,,,,,,,,,,,,,,,,,,,,,,,,,,,,,,,,,,,,,
P.040,Terengganu,P.040,Kemaman,4.239674,103.1914299,GS - PAS,PAS,,107593,2163,85.51,92007,377,1126,90504,UMNO,AHMAD SHABERY CHEEK,MALE,60,37715,,PKR,MOHD. HUZAIFAH MD. SUHAIMI,MALE,,12911,,PAS,USTAZ ALIAS ABD HAMID,MALE,,39878,,,,,,,,,,,,,,,,,,,,,,,,,,,,,,,,,,,,,,,,,,,
P.041,Pulau Pinang,P.041,Kepala Batas,5.5143846,100.4362369,BN - UMNO,Barisan Nasional (BN),,60523,4736,87.78,53127,110,715,52302,UMNO,DATO' SRI REEZAL MERICAN BIN NAINA MERICAN,MALE,45,22459,,PAN,DR. ZAIDI BIN ZAKARIA,MALE,48,17723,,PAS,SITI MASTURA BINTI MUHAMMAD,FEMALE,29,12120,,,,,,,,,,,,,,,,,,,,,,,,,,,,,,,,,,,,,,,,,,,
P.042,Pulau Pinang,P.042,Tasek Gelugor,5.4821102,100.4980002,BN - UMNO,Barisan Nasional (BN),,60850,81,86.92,52890,297,689,51904,UMNO,DATUK SHABUDIN YAHAYA,MALE,52,18547,,PPBM,HJ MARZUKI BIN YAHYA,MALE,47,18466,,PAS,RIZAL HAFIZ BIN RUSLAN,MALE,42,14891,,,,,,,,,,,,,,,,,,,,,,,,,,,,,,,,,,,,,,,,,,,
P.043,Pulau Pinang,P.043,Bagan,5.4067343,100.3696461,PH - DAP,Pakatan Harapan (PH),,71583,43902,84.72,60642,92,463,60087,MCA,LEE BENG SENG,MALE,37,7751,,DAP,LIM GUAN ENG,MALE,57,51653,,,,,,,,,,,,,,,,,,,,,,,,,,MUP,KOAY XING BOON,MALE,36,181,LOST DEPOSIT,PCM,HUAN CHENG GUAN @ MEJAR HUAN,MALE,57,502,LOST DEPOSIT,,,,,,,,,,,,
P.044,Pulau Pinang,P.044,Permatang Pauh,5.410228,100.413226,PH - PKR,Pakatan Harapan (PH),,81789,15668,86.42,70686,200,658,69828,UMNO,MOHD ZAIDI MOHD SAID,MALE,49,19866,,PKR,NURUL IZZAH ANWAR,FEMALE,37,35534,,PAS,USTAZ AFNAN HAMMI B DATO’ TAIB AZAMUDDEN,MALE,36,14428,,,,,,,,,,,,,,,,,,,,,,,,,,,,,,,,,,,,,,,,,,,
P.045,Pulau Pinang,P.045,Bukit Mertajam,5.3642519,100.4609867,PH - DAP,Pakatan Harapan (PH),,88998,52877,85.37,75977,177,1109,74691,MCA,GUI GUAT LYE,MALE,65,10907,,DAP,SIM CHEE KEONG,MALE,36,63784,,,,,,,,,,,,,,,,,,,,,,,,,,,,,,,,,,,,,,,,,,,,,,,,,
P.046,Pulau Pinang,P.046,Batu Kawan,5.2625962,100.4304555,PH - DAP,Pakatan Harapan (PH),,65394,33553,84.84,55479,99,675,54705,GERAKAN,JAYANTHI DEVI BALAGURU,FEMALE,56,9130,,DAP,KASTHURIRAANI PATTO,FEMALE,38,42683,,PAS,JAY KUMAR,MALE,38,2636,LOST DEPOSIT,,,,,,,,,,,,,,,,,,,PFP,OOI KHAR GIAP,MALE,50,256,LOST DEPOSIT,,,,,,,,,,,,,,,,,,
P.047,Pulau Pinang,P.047,Nibong Tebal,5.1700963,100.4785191,PH - PKR,Pakatan Harapan (PH),,73383,15817,86.12,63199,160,860,62179,UMNO,DATO IR DR SHAIK HUSSEIN BIN MYDIN,MALE,44,19578,,PKR,DATO MANSOR OTHMAN,MALE,68,35395,,PAS,MOHD HELMI BIN HARUN,MALE,46,6875,LOST DEPOSIT,,,,,,,,,,,,,,,,,,,,,,,,,,,,,,,INDEPENDENT - KEY,TAN TEE BENG,MALE,46,331,LOST DEPOSIT,,,,,,
P.048,Pulau Pinang,P.048,Bukit Bendera,5.4245765,100.2689827,PH - DAP,Pakatan Harapan (PH),,75069,40731,80.50,60429,211,512,59706,GERAKAN,ANDY YONG KIM SENG,MALE,46,9318,,DAP,WONG HON WAI,MALE,45,50049,,,,,,,,,,,,,,,,,,,,,,,,,,MUP,TAN GIM THEAM,MALE,48,339,LOST DEPOSIT,,,,,,,,,,,,,,,,,,
P.049,Pulau Pinang,P.049,Tanjong,5.4647757,100.284463,PH - DAP,Pakatan Harapan (PH),,49586,29599,80.93,40130,56,347,39727,GERAKAN,NG SIEW LAI,FEMALE,57,5064,,DAP,CHOW KON YEOW,MALE,59,34663,,,,,,,,,,,,,,,,,,,,,,,,,,,,,,,,,,,,,,,,,,,,,,,,,
P.050,Pulau Pinang,P.050,Jelutong,5.3873462,100.3145585,PH - DAP,Pakatan Harapan (PH),,76991,38171,83.89,64584,198,720,63666,GERAKAN,BALJIT SINGH,MALE,52,12529,,DAP,SANISVARA NETHAJI RAYER A/L RAJAJI,MALE,47,50700,,,,,,,,,,,,,,,,,,,,,,,,,,MUP,TAN SIM BEE,FEMALE,37,437,LOST DEPOSIT,,,,,,,,,,,,,,,,,,
P.051,Pulau Pinang,P.051,Bukit Gelugor,5.3794182,100.3047639,PH - DAP,Pakatan Harapan (PH),,91595,55951,83.51,76489,256,528,75705,MCA,LOW JOO HIAP,MALE,45,9671,,DAP,RAMKARPAL SINGH A/L KARPAL SINGH,MALE,42,65622,,,,,,,,,,,,,,,,,,,,,,,,,,MUP,LAI XUE CHING,FEMALE,34,412,LOST DEPOSIT,,,,,,,,,,,,,,,,,,
P.052,Pulau Pinang,P.052,Bayan Baru,5.3248811,100.285231,PH - PKR,Pakatan Harapan (PH),,90780,37751,83.59,75884,273,762,74849,MCA,CHUAH SENG GUAN,MALE,36,13804,,PKR,SIM TZE TZIN,MALE,42,51555,,PAS,ISZUREE BIN IBRAHIM,MALE,51,8757,LOST DEPOSIT,,,,,,,,,,,,,,,,,,,MUP,DAVID YIM BOON LEONG,MALE,46,733,LOST DEPOSIT,,,,,,,,,,,,,,,,,,
P.053,Pulau Pinang,P.053,Balik Pulau,5.3506953,100.2348979,PH - PKR,Pakatan Harapan (PH),,59086,6464,85.58,50564,157,631,49776,UMNO,DATO’ SERI DR HILMI HAJI YAHAYA,MALE,69,19007,,PKR,MUHAMMAD BAKHTIAR BIN WAN CHIK,MALE,53,25471,,PAS,MUHAMMAD IMRAN BIN MUHAMMAD SA’AD,MALE,49,5298,LOST DEPOSIT,,,,,,,,,,,,,,,,,,,,,,,,,,,,,,,,,,,,,,,,,,
P.054,Perak,P.054,Gerik,5.4306632,101.1296386,BN - UMNO,Barisan Nasional (BN),,35903,5528,78.08,28032,126,595,27311,UMNO,DATO HASBULLAH OSMAN,MALE,61,13243,,PPBM,IBRAHIM HANAFIAH,MALE,62,6353,,PAS,USTAZ DAHALAN,MALE,58,7715,,,,,,,,,,,,,,,,,,,,,,,,,,,,,,,,,,,,,,,,,,,
P.055,Perak,P.055,Lenggong,5.1094869,100.9678905,BN - UMNO,Barisan Nasional (BN),,29752,5773,79.72,23719,109,405,23205,UMNO,DR SHAMSUL ANUAR NASARAH,MALE,51,12523,,PPBM,AMIRUL FAIRUZZEEN,MALE,36,3932,,PAS,USTAZ MUJAHID IR FADZIL,MALE,32,6750,,,,,,,,,,,,,,,,,,,,,,,,,,,,,,,,,,,,,,,,,,,
P.056,Perak,P.056,Larut,4.853766,100.7436053,BN - UMNO,Barisan Nasional (BN),,49453,4486,81.84,40470,128,722,39620,UMNO,DATO SERI HAMZAH ZAINUDIN,MALE,61,18184,,PPBM,DATO KHAIRIL ANUAR,MALE,56,7738,,PAS,CIKGU HAJI ABU HUSIN,MALE,65,13698,,,,,,,,,,,,,,,,,,,,,,,,,,,,,,,,,,,,,,,,,,,
P.057,Perak,P.057,Parit Buntar,5.1300016,100.4893897,PH - PAN,Pakatan Harapan (PH),,51860,3098,83.58,43347,91,536,42720,UMNO,ABDUL PUHAT BIN MAT NAYAN,MALE,60,13655,,PAN,DATO’ DR MUJAHID RAWA,MALE,54,16753,,PAS,AHMAD AZHAR HAJI SHARIN,MALE,50,12312,,,,,,,,,,,,,,,,,,,,,,,,,,,,,,,,,,,,,,,,,,,
P.058,Perak,P.058,Bagan Serai,5.0284508,100.5273516,BN - UMNO,Barisan Nasional (BN),,59293,172,81.60,48381,261,865,47255,UMNO,DATO DR NOOR AZMI BIN GHAZALI,MALE,57,17220,,PPBM,ADAM BIN ASMUNI,MALE,33,12987,,PAS,USTAZAH ROHAYA BINTI BAKAR,FEMALE,58,17048,,,,,,,,,,,,,,,,,,,,,,,,,,,,,,,,,,,,,,,,,,,
P.059,Perak,P.059,Bukit Gantang,4.7833333,100.76667,BN - UMNO,Barisan Nasional (BN),,69873,4089,82.82,57867,243,761,56863,UMNO,SYED HUSSIN BIN HAFIZ SYED ABDUL FASAL,MALE,58,22450,,PPBM,DATO HJ KHADRI KHALID,MALE,64,18361,,PAS,USTAZ IDRIS AHMAD,MALE,55,16052,,,,,,,,,,,,,,,,,,,,,,,,,,,,,,,,,,,,,,,,,,,
P.060,Perak,P.060,Taiping,4.8546772,100.7438831,PH - DAP,Pakatan Harapan (PH),,90729,27384,78.58,71297,462,1092,69743,GERAKAN,TAN KENG LIANG,MALE,41,15613,,DAP,TEH KOK LIM,MALE,48,42997,,PAS,IBRAHIM ISMAIL,MALE,53,11133,,,,,,,,,,,,,,,,,,,,,,,,,,,,,,,,,,,,,,,,,,,
P.061,Perak,P.061,Padang Rengas,4.7777852,100.8576433,BN - UMNO,Barisan Nasional (BN),,30996,2548,82.91,25698,102,315,25281,UMNO,DATO’ SERI MOHAMED NAZRI BIN TAN SRI ABDUL AZIZ,MALE,64,10491,,PKR,EJAZI YAHAYA,MALE,56,7943,,PAS,MOHAMAD AZALAN,MALE,57,6847,,,,,,,,,,,,,,,,,,,,,,,,,,,,,,,,,,,,,,,,,,,
P.062,Perak,P.062,Sungai Siput,4.8188086,101.071298,PH - PKR,Pakatan Harapan (PH),,55002,5607,79.38,43662,122,814,42726,MIC,S K DEVAMANY,MALE,61,15210,,PKR,S KESAVAN,MALE,45,20817,,PAS,DR ISHAK IBRAHIM,MALE,47,5194,LOST DEPOSIT,,,,,,,,,,,,,,,,,,,PSM,DR KUMAR,MALE,64,1505,LOST DEPOSIT,,,,,,,,,,,,,,,,,,
P.063,Perak,P.063,Tambun,4.6112263,101.1400876,PH - PPBM,Pakatan Harapan (PH),,107763,5320,82.51,88920,1010,960,86950,UMNO,DATO’ SERI AHMAD HUSNI HANADZLAH,MALE,66,33341,,PPBM,AHMAD FAIZAL DATO’ AZUMU,MALE,48,38661,,PAS,USTAZ IBRAHIM ZAKARIA,MALE,48,14948,,,,,,,,,,,,,,,,,,,,,,,,,,,,,,,,,,,,,,,,,,,
P.064,Perak,P.064,Ipoh Timor,4.5763317,101.1308762,PH - DAP,Pakatan Harapan (PH),,91486,42797,78.40,71726,462,1023,70241,MCA,KATHLEEN (KAT) WONG,FEMALE,42,13722,,DAP,WONG KAH WOH,MALE,38,56519,,,,,,,,,,,,,,,,,,,,,,,,,,,,,,,,,,,,,,,,,,,,,,,,,
P.065,Perak,P.065,Ipoh Barat,4.5954401,101.0622002,PH - DAP,Pakatan Harapan (PH),,84874,45724,78.77,66852,472,878,65502,MCA,CHENG WEI YEE,MALE,44,9889,,DAP,M KULA,MALE,61,55613,,,,,,,,,,,,,,,,,,,,,,,,,,,,,,,,,,,,,,,,,,,,,,,,,
P.066,Perak,P.066,Batu Gajah,4.4598846,101.0492993,PH - DAP,Pakatan Harapan (PH),,81399,43868,78.38,63804,284,733,62787,MCA,LEONG CHEE WAI,MALE,44,8982,,DAP,V SIVAKUMAR,MALE,48,52850,,,,,,,,,,,,,,,,,,,,,,,,,,PSM,SEKAR,MALE,49,955,LOST DEPOSIT,,,,,,,,,,,,,,,,,,
P.067,Perak,P.067,Kuala Kangsar,4.7720713,100.9408776,BN - UMNO,Barisan Nasional (BN),,36954,731,83.08,30701,134,511,30056,UMNO,DATIN MASTURA YAZID,FEMALE,57,12102,,PAN,DR AHMAD TERMIZI RAMLI,MALE,64,11371,,PAS,DRS KHALIL IDHAM LIM,MALE,54,6583,,,,,,,,,,,,,,,,,,,,,,,,,,,,,,,,,,,,,,,,,,,
P.068,Perak,P.068,Beruas,4.5002829,100.7824056,PH - DAP,Pakatan Harapan (PH),,79794,27954,77.22,61617,341,1009,60267,GERAKAN,PANG CHOK KING,MALE,54,13277,,DAP,DATO’ NGEH KOO HAM,MALE,57,41231,,PAS,HJ MOHAMAD NAZEER HAMEED,MALE,61,5759,LOST DEPOSIT,,,,,,,,,,,,,,,,,,,,,,,,,,,,,,,,,,,,,,,,,,
P.069,Perak,P.069,Parit,4.4768608,100.9093896,BN - UMNO,Barisan Nasional (BN),,35910,6320,82.28,29547,132,425,28990,UMNO,USTAZ NIZAR,MALE,49,14035,,PAN,TARMIZI MOHD JAM,MALE,49,7240,,PAS,DR NAJIHA AHMAD,FEMALE,52,7715,,,,,,,,,,,,,,,,,,,,,,,,,,,,,,,,,,,,,,,,,,,
P.070,Perak,P.070,Kampar,4.30066,101.1614462,PH - DAP,Pakatan Harapan (PH),,69436,11801,77.15,53567,214,858,52495,MCA,LEE CHEE LEONG,MALE,61,18415,,DAP,SU KEONG SEONG,MALE,52,30216,,PAS,YOUGAN,MALE,31,3864,LOST DEPOSIT,,,,,,,,,,,,,,,,,,,,,,,,,,,,,,,,,,,,,,,,,,
P.071,Perak,P.071,Gopeng,4.476786,101.168079,PH - PKR,Pakatan Harapan (PH),,99167,29778,81.21,80532,446,853,79233,MCA,HENG SEAI KIE,FEMALE,56,19145,,PKR,DR LEE BOON CHYE,MALE,59,48923,,PAS,ISMAIL BIN ARIFFIN,MALE,57,11165,,,,,,,,,,,,,,,,,,,,,,,,,,,,,,,,,,,,,,,,,,,
P.072,Perak,P.072,Tapah,4.1990915,101.2599231,BN - MIC,Barisan Nasional (BN),,47128,614,78.75,37113,179,760,36174,MIC,DATUK SERI M SARAVANAN,MALE,50,16086,,PPBM,MOHAMED AZNI,MALE,62,15472,,PAS,USTAZ NORAZLI BIN MUSA,MALE,51,4616,,,,,,,,,,,,,,,,,,,,,,,,,,,,,,,,,,,,,,,,,,,
P.073,Perak,P.073,Pasir Salak,4.1731723,100.945408,BN - UMNO,Barisan Nasional (BN),,54671,7712,81.41,44508,168,895,43445,UMNO,DATO SRI TAJUDDIN ABDUL RAHMAN,MALE,70,20003,,PPBM,DR SALIHUDDIN,MALE,59,12291,,PAS,USTAZ ZAFARUL AZHAN,MALE,38,11151,,,,,,,,,,,,,,,,,,,,,,,,,,,,,,,,,,,,,,,,,,,
P.074,Perak,P.074,Lumut,4.2246469,100.6211525,PH - PAN,Pakatan Harapan (PH),,67157,400,81.96,55042,316,1081,53645,UMNO,DATO’ SERI DIRAJA DR ZAMBRY ABD KADIR,MALE,56,21555,,PAN,DR HATTA RAMLI,MALE,62,21955,,PAS,ZAMRI IBRAHIM,MALE,44,10135,,,,,,,,,,,,,,,,,,,,,,,,,,,,,,,,,,,,,,,,,,,
P.075,Perak,P.075,Bagan Datuk,3.9166667,100.9166667,BN - UMNO,Barisan Nasional (BN),,47309,5073,79.89,37796,176,814,36806,UMNO,AHMAD ZAHID BIN HAMIDI,MALE,65,18909,,PKR,PAKHRURRAZI HJ ARSHAD,MALE,65,13836,,PAS,ATA ABDUL MUNEIM DATO’ HASAN ADLI,MALE,60,4061,LOST DEPOSIT,,,,,,,,,,,,,,,,,,,,,,,,,,,,,,,,,,,,,,,,,,
P.076,Perak,P.076,Teluk Intan,4.023176,101.026184,PH - DAP,Pakatan Harapan (PH),,66487,11179,82.12,54601,204,742,53655,GERAKAN,MAH SIEW KEONG,MALE,56,17991,,DAP,NGA KOR MING,MALE,46,29170,,PAS,DR AHMAD RAMDZAN,MALE,62,6494,LOST DEPOSIT,,,,,,,,,,,,,,,,,,,,,,,,,,,,,,,,,,,,,,,,,,
P.077,Perak,P.077,Tanjong Malim,3.6900079,101.5234848,PH - PKR,Pakatan Harapan (PH),,68468,5358,81.22,55613,265,1051,54297,MCA,DR MAH HANG SOON,MALE,53,19314,,PKR,CHANG LIH KANG,MALE,37,24672,,PAS,USTAZ MOHD TARMIZI,MALE,53,10311,,,,,,,,,,,,,,,,,,,,,,,,,,,,,,,,,,,,,,,,,,,
P.078,Pahang,P.078,Cameron Highlands,4.4781546,101.4833091,BN - MIC,Barisan Nasional (BN),,32048,597,79.03,25326,171,790,24365,MIC,DATO' SIVARRAAJH CHANDRAN,MALE,42,10307,,DAP,MANOGARAN,MALE,59,9710,,PAS,CIKGU WAN MAHADIR,MALE,46,3587,,,,,,,,,,,,,,,,,,,,PSM,SURESH KUMAR,MALE,42,680,LOST DEPOSIT,BERJASA,USTAZ TAHIR,MALE,,81,LOST DEPOSIT,,,,,,,,,,,,
P.079,Pahang,P.079,Lipis,4.3242506,101.9085845,BN - UMNO,Barisan Nasional (BN),,35294,6569,81.22,28666,112,462,28092,UMNO,ABDUL RAHMAN BIN MOHAMAD,MALE,54,13995,,PPBM,DATO BADARUDIN ABD RAHAMAN,MALE,65,7426,,PAS,CIKGU HJ SOBIRIN BIN HJ DULI,MALE,68,6671,,,,,,,,,,,,,,,,,,,,,,,,,,,,,,,,,,,,,,,,,,,
P.080,Pahang,P.080,Raub,3.7950465,101.8560075,PH - DAP,Pakatan Harapan (PH),,57723,3159,81.37,46971,180,766,46025,MCA,CHEW MEI FUN,FEMALE,54,17500,,DAP,TENGKU ZULPURI SHAH,MALE,54,20659,,PAS,DR MOHAMED NILAM,MALE,,7866,,,,,,,,,,,,,,,,,,,,,,,,,,,,,,,,,,,,,,,,,,,
P.081,Pahang,P.081,Jerantut,4.2834137,102.5575232,BN - UMNO,Barisan Nasional (BN),,63609,5908,80.83,51414,224,941,50249,UMNO,DATO' AHMAD NAZLAN,MALE,60,22640,,PPBM,WAN MOHD SHAHRIR,MALE,37,10877,,PAS,USTAZ YOHANIS AHMAD,MALE,40,16732,,,,,,,,,,,,,,,,,,,,,,,,,,,,,,,,,,,,,,,,,,,
P.082,Pahang,P.082,Indera Mahkota,3.829399,103.2942076,PH - PKR,Pakatan Harapan (PH),,77208,10950,83.69,64612,269,622,63721,UMNO,DATO' DR JOHAN BIN MAT SAH,MALE,56,17628,,PKR,DATO' SAIFUDDIN ABDULLAH,MALE,57,28578,,PAS,USTAZ NASRUDIN HASSAN TANTAWI,MALE,48,17515,,,,,,,,,,,,,,,,,,,,,,,,,,,,,,,,,,,,,,,,,,,
P.083,Pahang,P.083,Kuantan,3.7985637,103.32199,PH - PKR,Pakatan Harapan (PH),,62696,8111,83.21,52167,199,798,51170,MCA,DATO' WONG KEAN HWEE,MALE,57,13667,,PKR,FUZIAH SALLEH,FEMALE,59,22807,,PAS,CIKGU SULAIMAN MD DERUS,MALE,,14696,,,,,,,,,,,,,,,,,,,,,,,,,,,,,,,,,,,,,,,,,,,
P.084,Pahang,P.084,Paya Besar,3.7861754,103.233338,BN - UMNO,Barisan Nasional (BN),,55135,5742,81.51,44942,171,671,44100,UMNO,MOHD SHAHAR BIN ABDULLAH,MALE,38,19033,,PPBM,MOHD ASHRAF MUSTAQIM,MALE,32,11776,,PAS,MOHAMAD AZHAR BIN MOHD NOOR,MALE,66,13291,,,,,,,,,,,,,,,,,,,,,,,,,,,,,,,,,,,,,,,,,,,
P.085,Pahang,P.085,Pekan,3.4895509,103.390396,BN - UMNO,Barisan Nasional (BN),,88899,24859,81.34,72308,301,1393,70614,UMNO,DATO' SRI MOHD NAJIB BIN TUN ABD RAZAK,MALE,65,43854,,PPBM,MUHD ZAHID MD ARIP,MALE,52,7662,LOST DEPOSIT,PAS,KAPT (B) AHIATUDIN BIN DAUD,MALE,63,18995,,,,,,,,,,,,,,,,,,,,,,,,,,,,,,,,INDEPENDENT - AEROPLANE,ABD KADIR BIN SAINUDIN,MALE,,103,LOST DEPOSIT,,,,,,
P.086,Pahang,P.086,Maran,3.601443,102.6410048,BN - UMNO,Barisan Nasional (BN),,41036,3763,81.30,33363,156,482,32725,UMNO,DATO' SRI DR HJ ISMAIL BIN HJ ABD MUTTALIB,MALE,64,16064,,PPBM,AHMAD FARID BIN AHMAD NORDIN,MALE,,4360,,PAS,CIKGU HASENAN HARON,MALE,,12301,,,,,,,,,,,,,,,,,,,,,,,,,,,,,,,,,,,,,,,,,,,
P.087,Pahang,P.087,Kuala Krau,3.709684,102.367585,BN - UMNO,Barisan Nasional (BN),,47264,2876,82.73,39102,178,613,38311,UMNO,DATO' SRI HAJI ISMAIL BIN HAJI MOHAMED SAID,MALE,53,18058,,PPBM,MOHAMAD RAFIDEE,MALE,45,5071,,PAS,USTAZ HAJI KAMAL BIN ASHAARI,MALE,48,15182,,,,,,,,,,,,,,,,,,,,,,,,,,,,,,,,,,,,,,,,,,,
P.088,Pahang,P.088,Temerloh,3.6124468,102.2566818,PH - PAN,Pakatan Harapan (PH),,75081,1904,82.85,62204,289,865,61050,UMNO,DATO' SRI HAJI MOHD SHARKAR BIN HAJI SHAMSUDIN,MALE,56,22094,,PAN,HJ ANUAR TAHIR,MALE,66,23998,,PAS,HAJI MD JUSOH BIN DARUS,MALE,62,14734,,,,,,,,,,,,,,,,,,,,,,,,,,,,,,,,INDEPENDENT - ELEPHANT,KHAIDIR AHMAD,MALE,56,178,LOST DEPOSIT,INDEPENDENT - BOOK,MUHD FAKHRUDIN B ABU HANIPAH,MALE,,46,LOST DEPOSIT
P.089,Pahang,P.089,Bentong,3.3624708,102.0172675,PH - DAP,Pakatan Harapan (PH),,67359,2032,83.39,56173,284,783,55106,MCA,DATO' SRI LIOW TIONG LAI,MALE,57,23684,,DAP,WONG TACK,MALE,59,25716,,PAS,BALASUBRAMANIAM A/L NACHIAPPAN,MALE,,5706,LOST DEPOSIT,,,,,,,,,,,,,,,,,,,,,,,,,,,,,,,,,,,,,,,,,,
P.090,Pahang,P.090,Bera,3.2366738,102.5417723,BN - UMNO,Barisan Nasional (BN),,58711,2311,82.33,48339,267,767,47305,UMNO,ISMAIL SABRI YAAKOB,MALE,58,20760,,PKR,ZAKARIA ABDUL HAMID,MALE,,18449,,PAS,MUSANIFF BIN AB. RAHMAN,MALE,,8096,,,,,,,,,,,,,,,,,,,,,,,,,,,,,,,,,,,,,,,,,,,
P.091,Pahang,P.091,Rompin,2.8245772,103.0993556,BN - UMNO,Barisan Nasional (BN),,61918,11395,82.21,50905,251,917,49737,UMNO,DATO' SRI HASAN BIN ARIFIN,MALE,65,26628,,PKR,SITARUNISAH BINTI AB KADIR,FEMALE,,7876,,PAS,USTAZ SHAHRUL,MALE,39,15233,,,,,,,,,,,,,,,,,,,,,,,,,,,,,,,,,,,,,,,,,,,
P.092,Selangor,P.092,Sabak Bernam,3.6871153,101.0580588,BN - UMNO,Barisan Nasional (BN),,40863,1674,83.26,34023,108,565,33350,UMNO,DATO' FASIAH,MALE,62,12862,,PPBM,WARNO BIN DOGOL,MALE,56,11188,,PAS,USTAZ MUHAMMAD LABIB BIN ABD JALIL,MALE,,9300,,,,,,,,,,,,,,,,,,,,,,,,,,,,,,,,,,,,,,,,,,,
P.093,Selangor,P.093,Sungai Besar,3.6777145,100.9880263,PH - PPBM,Pakatan Harapan (PH),,48739,714,85.92,41878,108,564,41206,UMNO,BUDIMAN BIN MOHD ZOHDI,MALE,46,16636,,PPBM,CIKGU MUSLIMIN,MALE,51,17350,,PAS,CIKGU HAJI SALLEH HUSIN,MALE,,7220,,,,,,,,,,,,,,,,,,,,,,,,,,,,,,,,,,,,,,,,,,,
P.094,Selangor,P.094,Hulu Selangor,3.5367441,101.5949347,PH - PKR,Pakatan Harapan (PH),,100990,13391,85.95,86798,267,1310,85221,MIC,P.KAMALANATHAN,MALE,53,27392,,PKR,JUNE LEOW,FEMALE,54,40783,,PAS,DR WAN MAT,MALE,,16620,,,,,,,,,,,,,,,,,,,,,,,,,,,,,,,,INDEPENDENT - KEY,KUMAR A/L S. PARAMASIVAM,MALE,49,426,LOST DEPOSIT,,,,,,
P.095,Selangor,P.095,Tanjong Karang,3.4248609,101.1765284,BN - UMNO,Barisan Nasional (BN),,47198,1970,87.26,41184,155,531,40498,UMNO,TAN SRI NOH BIN HAJI OMAR,MALE,60,17596,,PPBM,KAPT(B) DATO DR ZULKAFPERI,MALE,59,15626,,PAS,NOR AZ AZLAN BIN AHMAD,MALE,,7276,,,,,,,,,,,,,,,,,,,,,,,,,,,,,,,,,,,,,,,,,,,
P.096,Selangor,P.096,Kuala Selangor,3.3621022,101.3455503,PH - PAN,Pakatan Harapan (PH),,69397,8498,87.67,60843,126,996,59721,UMNO,IRMOHIZAM,MALE,,21344,,PAN,DR HJ DZULKEFLY AHMAD,MALE,62,29842,,PAS,HAJI FAKARUDDIN,MALE,46,8535,,,,,,,,,,,,,,,,,,,,,,,,,,,,,,,,,,,,,,,,,,,
P.097,Selangor,P.097,Selayang,3.2537121,101.6539012,PH - PKR,Pakatan Harapan (PH),,116176,40657,85.60,99450,495,953,98002,MCA,KANG MENG FUAT,MALE,36,19501,,PKR,WILLIAM LEONG JEE KEEN,MALE,61,60158,,PAS,BRIG. GEN HASHIM KARIM,MALE,,18343,,,,,,,,,,,,,,,,,,,,,,,,,,,,,,,,,,,,,,,,,,,
P.098,Selangor,P.098,Gombak,3.3,101.7,PH - PKR,Pakatan Harapan (PH),,141112,48721,85.43,120548,573,933,119042,UMNO,DATUK ABDUL RAHIM KAMARUDIN,MALE,64,26392,,PKR,DATO' SERI AZMIN ALI,MALE,54,75113,,PAS,Ir. KHAIRIL NIZAM,MALE,39,17537,,,,,,,,,,,,,,,,,,,,,,,,,,,,,,,,,,,,,,,,,,,
P.099,Selangor,P.099,Ampang,3.1505141,101.7600712,PH - PKR,Pakatan Harapan (PH),,91737,41956,84.52,77539,381,608,76550,MCA,LEONG KIM SOON,MALE,41,12351,,PKR,ZURAIDA KAMARUDDIN,FEMALE,60,54307,,PAS,NURUL ISLAM BIN MOHAMED YUSOFF,MALE,35,9598,,,,,,,,,,,,,,,,,,,,PRM,TAN HUA MENG,MALE,61,294,LOST DEPOSIT,,,,,,,,,,,,,,,,,,
P.100,Selangor,P.100,Pandan,3.1359876,101.7204333,PH - PKR,Pakatan Harapan (PH),,101319,52543,85.39,86514,223,517,85774,MCA,LEONG KOK WEE,MALE,50,12190,,PKR,DR WAN AZIZAH,FEMALE,66,64733,,PAS,USTAZ SUKRI OMAR,MALE,,8336,LOST DEPOSIT,,,,,,,,,,,,,,,,,,,PRM,JENICE LEE YING HA,FEMALE,38,442,LOST DEPOSIT,,,,,,,INDEPENDENT - HOUSE,MOHD KHAIRUL AZAM BIN ABDUL AZIZ,MALE,,73,LOST DEPOSIT,,,,,,
P.101,Selangor,P.101,Hulu Langat,3.083333,101.833333,PH - PAN,Pakatan Harapan (PH),,102363,25424,87.51,89577,401,929,88247,UMNO,AZMAN BIN AHMAD,MALE,,23580,,PAN,USTAZ HASANUDDIN MOHD YUNUS,MALE,54,49004,,PAS,DR CHE ROSLI CHE MAT,MALE,67,15663,,,,,,,,,,,,,,,,,,,,,,,,,,,,,,,,,,,,,,,,,,,
P.102,Selangor,P.102,Bangi,2.9040475,101.7863029,PH - DAP,Pakatan Harapan (PH),,178790,68768,88.33,157933,492,1114,156327,MCA,LIEW YUEN KEONG,MALE,58,19766,,DAP,DR. ONG KIAN MING,MALE,43,102557,,PAS,USTAZ SHAFIE NGAH,MALE,52,33789,,,,,,,,,,,,,,,,,,,,PRM,DENNIS WAN,MALE,,215,LOST DEPOSIT,,,,,,,,,,,,,,,,,,
P.103,Selangor,P.103,Puchong,3.0327,101.6188,PH - DAP,Pakatan Harapan (PH),,96437,47635,87.47,84357,212,667,83478,GERAKAN,ANG CHIN TAT,MALE,,12794,,DAP,GOBIND SINGH DEO,MALE,45,60429,,PAS,MOHAMAD ROSHARIZAN,MALE,45,10255,LOST DEPOSIT,,,,,,,,,,,,,,,,,,,,,,,,,,,,,,,,,,,,,,,,,,
P.104,Selangor,P.104,Subang,3.0342324,101.6170345,PH - PKR,Pakatan Harapan (PH),,146422,92353,86.66,126883,568,610,125705,MCA,IR. TAN SEONG LIM,MALE,52,12077,LOST DEPOSIT,PKR,WONG CHEN,MALE,49,104430,,IKATAN,SHAHIR ADNAN,MALE,34,9025,LOST DEPOSIT,,,,,,,,,,,,,,,,,,,,,,,,,,,,,,,INDEPENDENT - ELEPHANT,TOH SIN WAH,MALE,55,173,LOST DEPOSIT,,,,,,
P.105,Selangor,P.105,Petaling Jaya,3.0988792,101.6454202,PH - PKR,Pakatan Harapan (PH),,140920,57137,82.74,116597,350,968,115279,MCA,CHEW HIAN TAT,MALE,44,21847,,PKR,MARIA CHIN ABDULLAH,FEMALE,62,78984,,PAS,NORAINI BINTI HUSSIN,FEMALE,53,14448,,,,,,,,,,,,,,,,,,,,,,,,,,,,,,,,,,,,,,,,,,,
P.106,Selangor,P.106,Damansara,3.1378819,101.5966801,PH - DAP,Pakatan Harapan (PH),,164322,106903,83.76,137639,492,867,136280,MCA,RYAN HO KWOK XHENG,MALE,30,14380,LOST DEPOSIT,DAP,TONY PUA,MALE,46,121283,,,,,,,,,,,,,,,,,,,,,,,,,,PRM,DATO' WONG MUN KHEONG,MALE,45,617,LOST DEPOSIT,,,,,,,,,,,,,,,,,,
P.107,Selangor,P.107,Sungai Buloh,3.2061782,101.5800355,PH - PKR,Pakatan Harapan (PH),,90707,26634,86.95,78874,237,686,77951,MIC,A. PRAKASH RAO,MALE,58,16681,,PKR,SIVARASA RASIAH,MALE,62,43631,,PAS,USTAZAH NURIDAH,FEMALE,57,16997,,,,,,,,,,,,,,,,,,,,PSM,ZAINURIZZAMAN BIN MOHARAM,MALE,38,642,LOST DEPOSIT,,,,,,,,,,,,,,,,,,
P.108,Selangor,P.108,Shah Alam,3.0739429,101.5185278,PH - PAN,Pakatan Harapan (PH),,107316,33849,87.82,94241,334,664,93243,UMNO,HAJI AZHARI SHAARI,MALE,48,22100,,PAN,KHALID ABD SAMAD,MALE,61,55949,,PAS,DR MOHD ZUHDI BIN MARSUKI,MALE,,15194,,,,,,,,,,,,,,,,,,,,,,,,,,,,,,,,,,,,,,,,,,,
P.109,Selangor,P.109,Kapar,3.1377492,101.3732079,PH - PKR,Pakatan Harapan (PH),,124983,16306,86.27,107829,239,1497,106093,MIC,MOHANA MUNIANDY,FEMALE,42,26412,,PKR,ABDULLAH SANI,MALE,56,47731,,PAS,DR. HJ. ABD RANI BIN OSMAN,MALE,60,31425,,,,,,,,,,,,,,,,,,,,PRM,MANIKAVASAGAM,MALE,53,525,LOST DEPOSIT,,,,,,,,,,,,,,,,,,
P.110,Selangor,P.110,Klang,3.0448394,101.4447363,PH - DAP,Pakatan Harapan (PH),,149348,78773,86.06,128536,258,1204,127074,MCA,DATO' CHING EU BOON,MALE,51,19506,,DAP,CHARLES SANTIAGO,MALE,58,98279,,PAS,KHAIRUL SHAH KOTTAPPAN,MALE,56,9169,LOST DEPOSIT,,,,,,,,,,,,,,,,,,,,,,,,,,,,,,,INDEPENDENT - KEY,PUVANANDERAN A/L GANASAMOORTHY,MALE,,120,LOST DEPOSIT,,,,,,
P.111,Selangor,P.111,Kota Raja,3.0117686,101.5622842,PH - PAN,Pakatan Harapan (PH),,149021,71142,86.84,129412,320,966,128126,MIC,V. GUNALAN,MALE,45,17874,,PAN,MOHAMAD SABU,MALE,64,90697,,PAS,HJ. MOHAMED DIAH BAHARUN,MALE,43,19555,,,,,,,,,,,,,,,,,,,,,,,,,,,,,,,,,,,,,,,,,,,
P.112,Selangor,P.112,Kuala Langat,2.8365619,101.4961821,PH - PKR,Pakatan Harapan (PH),,102406,17112,87.34,89437,209,1131,88097,UMNO,SHAHRIL HAMDAN,MALE,33,26127,,PKR,DR XAVIER JAYAKUMAR,MALE,65,43239,,PAS,DATUK DR. YAHYA BABA,MALE,64,18731,,,,,,,,,,,,,,,,,,,,,,,,,,,,,,,,,,,,,,,,,,,
P.113,Selangor,P.113,Sepang,2.8008619,101.7094012,PH - PAN,Pakatan Harapan (PH),,104508,18705,88.11,92087,347,1083,90657,UMNO,DATO' HAJI MARSUM BIN PAING,MALE,63,28035,,PAN,MOHAMED HANIPA BIN MAIDIN,MALE,49,46740,,PAS,SABIRIN MARSONO,MALE,51,15882,,,,,,,,,,,,,,,,,,,,,,,,,,,,,,,,,,,,,,,,,,,
P.114,Wilayah Persekutuan Kuala Lumpur,P.114,Kepong,3.2026423,101.6372464,PH - DAP,Pakatan Harapan (PH),,72696,51628,85.03,61812,85,323,61404,GERAKAN,ONG SIANG LIANG,MALE,48,4888,LOST DEPOSIT,DAP,LIM LIP ENG,MALE,46,56516,,,,,,,,,,,,,,,,,,,,,,,,,,,,,,,,,,,,,,,,,,,,,,,,,
P.115,Wilayah Persekutuan Kuala Lumpur,P.115,Batu,3.2018234,101.6710223,INDEPENDENT,Independent,,76328,24438,83.32,63600,297,498,62805,GERAKAN,DR. DOMINIC LAU HOE CHAI,MALE,51,13687,,,,,,,,PAS,AZHAR YAHYA,MALE,43,10610,,,,,,,,,,,,,,,,,,,,,,,,,,,,,,,,INDEPENDENT - ELEPHANT,DATUK V M PANJAMOTHY,MALE,62,383,LOST DEPOSIT,INDEPENDENT - KEY,PRABAKARAN,MALE,22,38125,
P.116,Wilayah Persekutuan Kuala Lumpur,P.116,Wangsa Maju,3.2057781,101.7318615,PH - PKR,Pakatan Harapan (PH),,88482,24238,84.21,74509,376,525,73608,MCA,YEW TEONG LOOK,MALE,62,17940,,PKR,DR. TAN YEE KEW,FEMALE,65,42178,,PAS,HAJI RAZALI BIN TUMIRIN,MALE,56,13490,,,,,,,,,,,,,,,,,,,,,,,,,,,,,,,,,,,,,,,,,,,
P.117,Wilayah Persekutuan Kuala Lumpur,P.117,Segambut,3.1864418,101.6641964,PH - DAP,Pakatan Harapan (PH),,77956,45702,83.72,65265,249,289,64727,myPPP,LOGA BALA MOHAN,MALE,52,7422,LOST DEPOSIT,DAP,HANNAH YEOH,FEMALE,39,53124,,PAS,SOLLEH RAZAK,MALE,,4181,LOST DEPOSIT,,,,,,,,,,,,,,,,,,,,,,,,,,,,,,,,,,,,,,,,,,
P.118,Wilayah Persekutuan Kuala Lumpur,P.118,Setiawangsa,3.1757346,101.7359468,PH - PKR,Pakatan Harapan (PH),,72136,14372,85.79,61884,339,693,60852,UMNO,ZULHASNAN BIN RAFIQUE,MALE,64,20099,,PKR,NIK NAZMI BIN NIK AHMAD,MALE,36,34471,,PAS,USTAZ UBAID BIN HAJI ABD AKLA,MALE,,6282,LOST DEPOSIT,,,,,,,,,,,,,,,,,,,,,,,,,,,,,,,,,,,,,,,,,,
P.119,Wilayah Persekutuan Kuala Lumpur,P.119,Titiwangsa,3.1734326,101.6952622,PH - PPBM,Pakatan Harapan (PH),,61598,4139,82.56,50858,149,323,50386,UMNO,DATUK SERI JOHARI GHANI,MALE,54,19701,,PPBM,RINA MOHD HARUN,FEMALE,45,23840,,PAS,HAJI MOHAMAD NOOR MOHAMAD,MALE,,6845,,,,,,,,,,,,,,,,,,,,,,,,,,,,,,,,,,,,,,,,,,,
P.120,Wilayah Persekutuan Kuala Lumpur,P.120,Bukit Bintang,3.1460953,101.7114762,PH - DAP,Pakatan Harapan (PH),,69526,37260,75.89,52765,103,254,52408,MCA,ANN TAN EAN EAN,FEMALE,46,7256,,DAP,FONG KUI LUN,MALE,72,44516,,,,,,,,,,,,,,,,,,,,,,,,,,PFP,KHAIRUL,MALE,42,636,LOST DEPOSIT,,,,,,,,,,,,,,,,,,
P.121,Wilayah Persekutuan Kuala Lumpur,P.121,Lembah Pantai,3.101597,101.6688966,PH - PKR,Pakatan Harapan (PH),,80346,5598,83.46,67059,216,538,66305,UMNO,RAJA NONG CHIK,MALE,65,27715,,PKR,FAHMI FADZIL,MALE,37,33313,,PAS,FAUZI BIN ABU BAKAR,MALE,58,5277,LOST DEPOSIT,,,,,,,,,,,,,,,,,,,,,,,,,,,,,,,,,,,,,,,,,,
P.122,Wilayah Persekutuan Kuala Lumpur,P.122,Seputeh,3.1136874,101.68142,PH - DAP,Pakatan Harapan (PH),,86256,56059,81.83,70583,160,294,70129,MCA,CHAN QUIN ER,FEMALE,31,7035,LOST DEPOSIT,DAP,TERESA KOK,FEMALE,54,63094,,,,,,,,,,,,,,,,,,,,,,,,,,,,,,,,,,,,,,,,,,,,,,,,,
P.123,Wilayah Persekutuan Kuala Lumpur,P.123,Cheras,3.0991919,101.7374229,PH - DAP,Pakatan Harapan (PH),,78819,49665,81.29,64074,122,275,63677,MCA,HENG SINN YEE,FEMALE,39,7006,LOST DEPOSIT,DAP,TAN KOK WAI,MALE,61,56671,,,,,,,,,,,,,,,,,,,,,,,,,,,,,,,,,,,,,,,,,,,,,,,,,
P.124,Wilayah Persekutuan Kuala Lumpur,P.124,Bandar Tun Razak,3.089635,101.7124347,PH - PKR,Pakatan Harapan (PH),,83650,19930,85.09,71180,530,444,70206,UMNO,ADNAN BIN SEMAN,MALE,42,21196,,PKR,DATO' KAMARUDIN JAFFAR,MALE,67,41126,,PAS,DR. ROSNI ADAM,FEMALE,48,7884,LOST DEPOSIT,,,,,,,,,,,,,,,,,,,,,,,,,,,,,,,,,,,,,,,,,,
P.125,Wilayah Persekutuan Putrajaya,P.125,Putrajaya,2.9384381,101.69223,BN - UMNO,Barisan Nasional (BN),,27306,3372,91.12,24881,177,146,24558,UMNO,TENGKU ADNAN BIN TENGKU MANSOR,MALE,68,12148,,PPBM,SAMSU ADABI BIN MAMAT,MALE,49,8776,,PAS,HJ ZAINAL ABIDIN KIDAM,MALE,68,3634,,,,,,,,,,,,,,,,,,,,,,,,,,,,,,,,,,,,,,,,,,,
P.126,Negeri Sembilan,P.126,Jelebu,3.0366264,102.1179206,BN - UMNO,Barisan Nasional (BN),,48522,2045,81.89,39733,190,586,38957,UMNO,JALALUDDIN BIN ALIAS,MALE,55,19062,,PAN,IR MUSTAFAR KADIR,MALE,65,17017,,PAS,NORMAN IPIN,MALE,47,2878,LOST DEPOSIT,,,,,,,,,,,,,,,,,,,,,,,,,,,,,,,,,,,,,,,,,,
P.127,Negeri Sembilan,P.127,Jempol,2.8502724,102.5081957,BN - UMNO,Barisan Nasional (BN),,72122,1631,81.14,58523,224,1025,57274,UMNO,DATO' HJ SALIM SHARIF,MALE,53,26819,,PPBM,KAMARULZAMAN KAMDIAS,MALE,,25188,,PAS,MUSTAFFA BIN DAHARUN,MALE,60,5267,LOST DEPOSIT,,,,,,,,,,,,,,,,,,,,,,,,,,,,,,,,,,,,,,,,,,
P.128,Negeri Sembilan,P.128,Seremban,2.723099,101.9400601,PH - DAP,Pakatan Harapan (PH),,110168,30694,84.65,93254,384,1052,91818,MCA,AH CHONG @ CHONG SIN WOON,MALE,44,24809,,DAP,LOKE SIEW FOOK,MALE,41,55503,,PAS,HAJI SHARIFFUDDIN,MALE,56,11506,,,,,,,,,,,,,,,,,,,,,,,,,,,,,,,,,,,,,,,,,,,
P.129,Negeri Sembilan,P.129,Kuala Pilah,2.7430758,102.2154881,PH - PPBM,Pakatan Harapan (PH),,49801,200,82.64,41156,150,769,40237,UMNO,HASAN BIN MALEK,MALE,72,17845,,PPBM,EDDIN SYAZLEE SHITH,MALE,44,18045,,PAS,HAJI RAFIEI,MALE,65,4347,LOST DEPOSIT,,,,,,,,,,,,,,,,,,,,,,,,,,,,,,,,,,,,,,,,,,
P.130,Negeri Sembilan,P.130,Rasah,2.7188285,101.9404831,PH - DAP,Pakatan Harapan (PH),,102838,46867,84.26,86655,303,1045,85307,MCA,NG KIAN NAM,MALE,39,14939,,DAP,CHA KEE CHIN,MALE,44,61806,,PAS,USTAZ KHAIRIL ANUAR WAFA,MALE,41,8260,LOST DEPOSIT,,,,,,,,,,,,,,,,,,,PAP,DAVID DASS ASEERPATHAM,MALE,,302,LOST DEPOSIT,,,,,,,,,,,,,,,,,,
P.131,Negeri Sembilan,P.131,Rembau,2.5578923,102.1081637,BN - UMNO,Barisan Nasional (BN),,88365,4364,85.23,75315,406,1053,73856,UMNO,KHAIRY JAMALUDDIN,MALE,42,36096,,PKR,LT KOL ROSELI BIN ABDUL GANI (B),MALE,,31732,,PAS,MUSTAFA,MALE,66,6028,LOST DEPOSIT,,,,,,,,,,,,,,,,,,,,,,,,,,,,,,,,,,,,,,,,,,
P.132,Negeri Sembilan,P.132,Port Dickson,2.5262491,101.8106156,PH - PKR,Pakatan Harapan (PH),,75212,17710,83.16,62548,266,948,61334,MIC,DATO VS MOGAN,MALE,50,18515,,PKR,DATO DANYAL,MALE,68,36225,,PAS,USTAZ MAHFUZ ROSLAN,MALE,34,6594,LOST DEPOSIT,,,,,,,,,,,,,,,,,,,,,,,,,,,,,,,,,,,,,,,,,,
P.133,Negeri Sembilan,P.133,Tampin,2.4721537,102.2323504,PH - PAN,Pakatan Harapan (PH),,60765,1002,81.49,49515,199,850,48466,UMNO,SHAZIMAN BIN ABU MANSOR,MALE,54,21433,,PAN,DR HASAN BAHROM,MALE,62,22435,,PAS,MEJAR ABDUL HALIM BIN ABU BAKAR (BERSARA),MALE,52,4598,LOST DEPOSIT,,,,,,,,,,,,,,,,,,,,,,,,,,,,,,,,,,,,,,,,,,
P.134,Melaka,P.134,Masjid Tanah,2.3522253,102.1089793,BN - UMNO,Barisan Nasional (BN),,51441,8159,83.77,43093,132,636,42325,UMNO,MAS ERMIEYATI,FEMALE,42,22898,,PPBM,DATUK DR. SABIRIN BIN JA'AFAR,MALE,54,14739,,PAS,USTAZ NASIR OTHMAN,MALE,42,4688,LOST DEPOSIT,,,,,,,,,,,,,,,,,,,,,,,,,,,,,,,,,,,,,,,,,,
P.135,Melaka,P.135,Alor Gajah,2.3834528,102.2107805,PH - PPBM,Pakatan Harapan (PH),,70364,6980,83.85,59000,178,1007,57815,MCA,WONG NAI CHEE,MALE,49,22350,,PPBM,MOHD REDZUAN YUSOF (PAK WAN ),MALE,61,29330,,PAS,NAZREE ARIS,MALE,46,6135,LOST DEPOSIT,,,,,,,,,,,,,,,,,,,,,,,,,,,,,,,,,,,,,,,,,,
P.136,Melaka,P.136,Tangga Batu,2.2601,102.1523,PH - PKR,Pakatan Harapan (PH),,83213,4659,84.67,70453,166,1145,69142,UMNO,DATUK ZALI MAT YASIN.,MALE,,27761,,PKR,PROF. MADYA RUSNAH,FEMALE,56,32420,,PAS,TUAN GURU UST ZULKIFLI ISMAIL,MALE,52,8961,,,,,,,,,,,,,,,,,,,,,,,,,,,,,,,,,,,,,,,,,,,
P.137,Melaka,P.137,Hang Tuah Jaya,2.2714538,102.3079538,PH - PKR,Pakatan Harapan (PH),,89364,8640,87.01,77758,266,909,76583,UMNO,TAN SRI HJ MOHD ALI BIN MOHD RUSTAM,MALE,69,30427,,PKR,SHAMSUL ISKANDAR HAJI MOHD AKIN,MALE,44,39067,,PAS,DR KHALID KASSIM,MALE,,7089,LOST DEPOSIT,,,,,,,,,,,,,,,,,,,,,,,,,,,,,,,,,,,,,,,,,,
P.138,Melaka,P.138,Kota Melaka,2.1994594,102.2602305,PH - DAP,Pakatan Harapan (PH),,126848,49175,84.42,107085,377,1432,105276,MCA,ERIC CHOO WEI SERN,MALE,31,27343,,DAP,KHOO POAY TIONG,MALE,48,76518,,,,,,,,,,,,,,,,,,,,,,,,,,,,,,,,,,,,,,INDEPENDENT - KEY,GOH LEONG SAN,MALE,,1415,LOST DEPOSIT,,,,,,
P.139,Melaka,P.139,Jasin,2.3058097,102.422339,BN - UMNO,Barisan Nasional (BN),,73432,219,85.67,62912,239,912,61761,UMNO,DATUK SERI HAJI AHMAD HAMZAH,MALE,70,26560,,PAN,KHAIRUDDIN ABU HASSAN,MALE,56,26341,,PAS,ABD. ALIM SHAPIE,MALE,60,8860,,,,,,,,,,,,,,,,,,,,,,,,,,,,,,,,,,,,,,,,,,,
P.140,Johor,P.140,Segamat,2.4922852,102.8450367,PH - PKR,Pakatan Harapan (PH),,55350,5476,83.41,46170,124,726,45320,MIC,DR. S. SUBRAMANIAM,MALE,65,18584,,PKR,DATO' SERI DR. SANTHARA,MALE,47,24060,,PAS,KHAIRUL FAIZI BIN AHMAD KAMIL,MALE,45,2676,LOST DEPOSIT,,,,,,,,,,,,,,,,,,,,,,,,,,,,,,,,,,,,,,,,,,
P.141,Johor,P.141,Sekijang,2.527104,102.9392235,PH - PKR,Pakatan Harapan (PH),,45596,1281,84.50,38527,132,558,37837,UMNO,DATUK AYUB BIN RAHMAT,MALE,49,18278,,PKR,NATRAH ISMAIL,FEMALE,68,19559,,,,,,,,,,,,,,,,,,,,,,,,,,,,,,,,,,,,,,,,,,,,,,,,,
P.142,Johor,P.142,Labis,2.3834121,103.0199327,PH - DAP,Pakatan Harapan (PH),,40356,3410,82.13,33146,78,490,32578,MCA,CHUA TEE YONG,MALE,41,13567,,DAP,PANG HOK LIONG,MALE,61,16977,,PAS,DATUK SARCHU SAWAL,MALE,69,2034,LOST DEPOSIT,,,,,,,,,,,,,,,,,,,,,,,,,,,,,,,,,,,,,,,,,,
P.143,Johor,P.143,Pagoh,2.1494751,102.7714544,PH - PPBM,Pakatan Harapan (PH),,51512,6927,84.77,43667,302,693,42672,UMNO,ISMAIL BIN MOHAMED,MALE,47,16631,,PPBM,TAN SRI MUHYIDDIN YASSIN,MALE,71,23558,,PAS,AHMAD NAWFAL BIN MAHFODZ,MALE,34,2483,LOST DEPOSIT,,,,,,,,,,,,,,,,,,,,,,,,,,,,,,,,,,,,,,,,,,
P.144,Johor,P.144,Ledang,2.25,102.5833333,PH - PKR,Pakatan Harapan (PH),,77474,8666,86.10,66708,246,1048,65414,UMNO,DATUK IR. DR. HJ. HAMIM SAMURI,MALE,60,26040,,PKR,SYED IBRAHIM BIN SYED NOH,MALE,54,34706,,PAS,RUSMAN BIN KEMIN,MALE,,4668,LOST DEPOSIT,,,,,,,,,,,,,,,,,,,,,,,,,,,,,,,,,,,,,,,,,,
P.145,Johor,P.145,Bakri,2.0424892,102.6539628,PH - DAP,Pakatan Harapan (PH),,73883,23211,84.77,62632,201,631,61800,MCA,KOH CHON CHAI,MALE,51,15507,,DAP,YEO BEE YIN,FEMALE,35,38718,,PAS,ZARUL BIN SALLEH,MALE,39,7575,LOST DEPOSIT,,,,,,,,,,,,,,,,,,,,,,,,,,,,,,,,,,,,,,,,,,
P.146,Johor,P.146,Muar,2.0425046,102.5658852,PH - PPBM,Pakatan Harapan (PH),,50843,6953,84.31,42868,149,636,42083,UMNO,DATUK SERI RAZALI BIN IBRAHIM,MALE,48,15388,,PPBM,SYED SADDIQ,MALE,26,22341,,PAS,CIKGU HAJI ABDUL AZIZ BIN TALIB,MALE,60,4354,LOST DEPOSIT,,,,,,,,,,,,,,,,,,,,,,,,,,,,,,,,,,,,,,,,,,
P.147,Johor,P.147,Parit Sulong,1.9759124,102.8830335,BN - UMNO,Barisan Nasional (BN),,59609,6341,85.19,50778,177,832,49769,UMNO,DATO' DR. NORAINI AHMAD,FEMALE,51,24481,,PAN,ANIS AFIDA,FEMALE,27,18140,,PAS,AHMAD ROSDI BIN BAHARI,MALE,43,7148,,,,,,,,,,,,,,,,,,,,,,,,,,,,,,,,,,,,,,,,,,,
P.148,Johor,P.148,Ayer Hitam,1.9181728,103.1795162,BN - MCA,Barisan Nasional (BN),,46157,303,85.52,39474,94,556,38824,MCA,WEE KA SIONG,MALE,50,17076,,DAP,LIEW CHIN TONG,MALE,41,16773,,PAS,HJ MARDI MARWAN,MALE,,4975,,,,,,,,,,,,,,,,,,,,,,,,,,,,,,,,,,,,,,,,,,,
P.149,Johor,P.149,Sri Gading,1.8541606,103.0304386,PH - PPBM,Pakatan Harapan (PH),,52119,3288,86.71,45193,276,635,44282,UMNO,DATUK AZIZ KAPRAWI,MALE,59,18223,,PPBM,DATUK DR SHAHRUDDIN SALLEH,MALE,62,21511,,PAS,LT KOL HJ M ASHARI SIDON,MALE,58,4548,LOST DEPOSIT,,,,,,,,,,,,,,,,,,,,,,,,,,,,,,,,,,,,,,,,,,
P.150,Johor,P.150,Batu Pahat,1.933333,103,PH - PKR,Pakatan Harapan (PH),,98543,17894,84.81,83574,340,1097,82137,UMNO,HALIZA BINTI ABDULLAH,FEMALE,51,28035,,PKR,MOHD RASHID,MALE,58,45929,,PAS,DATO' DR MAHFODZ BIN MOHAMED,MALE,74,8173,LOST DEPOSIT,,,,,,,,,,,,,,,,,,,,,,,,,,,,,,,,,,,,,,,,,,
P.151,Johor,P.151,Simpang Renggam,1.826736,103.308715,PH - PPBM,Pakatan Harapan (PH),,43998,3475,83.40,36695,94,779,35822,GERAKAN,LIANG TECK MENG,MALE,47,14682,,PPBM,DR.MASZLEE MALIK,MALE,44,18157,,PAS,HJ JUBRI,MALE,61,2983,LOST DEPOSIT,,,,,,,,,,,,,,,,,,,,,,,,,,,,,,,,,,,,,,,,,,
P.152,Johor,P.152,Kluang,2.0323472,103.3190766,PH - DAP,Pakatan Harapan (PH),,96915,23053,84.45,81841,389,921,80531,MCA,GAN PING SIEU,MALE,52,24618,,DAP,WONG SHU QI,FEMALE,35,47671,,PAS,HASBULLAH NAJIB,MALE,30,8242,LOST DEPOSIT,,,,,,,,,,,,,,,,,,,,,,,,,,,,,,,,,,,,,,,,,,
P.153,Johor,P.153,Sembrong,1.9677552,103.3801406,BN - UMNO,Barisan Nasional (BN),,44137,6662,83.30,36768,126,598,36044,UMNO,DATO' SERI HISHAMMUDDIN TUN HUSSEIN,MALE,57,21353,,PKR,ONN BIN ABU BAKAR,MALE,55,14691,,,,,,,,,,,,,,,,,,,,,,,,,,,,,,,,,,,,,,,,,,,,,,,,,
P.154,Johor,P.154,Mersing,2.4298532,103.835494,BN - UMNO,Barisan Nasional (BN),,48176,8459,79.51,38306,142,796,37368,UMNO,DR ABD LATIFF,MALE,60,19806,,PPBM,IR MD NASIR BIN HASHIM,MALE,,11347,,PAS,A. RAHMAN BIN A. HAMID,MALE,65,6215,,,,,,,,,,,,,,,,,,,,,,,,,,,,,,,,,,,,,,,,,,,
P.155,Johor,P.155,Tenggara,1.8637505,103.6219072,BN - UMNO,Barisan Nasional (BN),,44749,5933,84.51,37818,120,664,37034,UMNO,DATUK SERI DR. ADHAM BIN BABA,MALE,56,20142,,PPBM,NORJEPRI BIN MOHAMED JELANI,MALE,52,14209,,PAS,CIKGU YUHA,FEMALE,43,2683,LOST DEPOSIT,,,,,,,,,,,,,,,,,,,,,,,,,,,,,,,,,,,,,,,,,,
P.156,Johor,P.156,Kota Tinggi,1.816667,103.966667,BN - UMNO,Barisan Nasional (BN),,46677,14621,84.45,39418,423,802,38193,UMNO,DATUK HALIMAH BINTI MOHAMED SADIQUE,FEMALE,56,26407,,PPBM,HJH AZLINDA LATIF,FEMALE,,11786,,,,,,,,,,,,,,,,,,,,,,,,,,,,,,,,,,,,,,,,,,,,,,,,,
P.157,Johor,P.157,Pengerang,1.3944226,104.2154903,BN - UMNO,Barisan Nasional (BN),,40479,11417,82.96,33580,782,557,32241,UMNO,AZALINA OTHMAN SAID,FEMALE,55,21829,,PPBM,NORLIZA NGADIRAN,FEMALE,,10412,,,,,,,,,,,,,,,,,,,,,,,,,,,,,,,,,,,,,,,,,,,,,,,,,
P.158,Johor,P.158,Tebrau,1.5354668,103.7572379,PH - PKR,Pakatan Harapan (PH),,123033,37225,85.68,105420,274,1203,103943,MCA,HOU KOK CHUNG,MALE,55,27310,,PKR,STEVEN CHOONG,MALE,61,64535,,PAS,USTAZ ABDULLAH HUSIN,MALE,57,12098,LOST DEPOSIT,,,,,,,,,,,,,,,,,,,,,,,,,,,,,,,,,,,,,,,,,,
P.159,Johor,P.159,Pasir Gudang,1.4953437,103.9207048,PH - PKR,Pakatan Harapan (PH),,124172,24726,85.83,106576,225,1342,105009,UMNO,MOHAMED KHALED NORDIN,MALE,60,36889,,PKR,HASSAN BIN ABDUL KARIM,MALE,67,61615,,PAS,AB.AZIZ BIN ABDULLAH,MALE,49,6278,LOST DEPOSIT,,,,,,,,,,,,,,,,,,,,,,,,,,,,,,,INDEPENDENT - CAR,CHEE JOCK,MALE,69,227,LOST DEPOSIT,,,,,,
P.160,Johor,P.160,Johor Bahru,1.503555,103.7495586,PH - PKR,Pakatan Harapan (PH),,101409,19782,80.51,81645,267,1056,80322,UMNO,TAN SRI SHAHRIR ABDUL SAMAD,MALE,69,30270,,PKR,AKMAL NASIR,MALE,32,50052,,,,,,,,,,,,,,,,,,,,,,,,,,,,,,,,,,,,,,,,,,,,,,,,,
P.161,Johor,P.161,Pulai,1.5542,103.5948,PH - PAN,Pakatan Harapan (PH),,106268,28924,82.92,88116,257,966,86893,UMNO,DATUK NUR JAZLAN BIN MOHAMED,MALE,52,26523,,PAN,SALAHUDDIN AYUB,MALE,57,55447,,PAS,DR. MOHD MAZRI BIN YAHYA,MALE,,4332,LOST DEPOSIT,,,,,,,,,,,,,,,,,,,,,,,,,,,,,,,INDEPENDENT - TELEPHONE,YAP KENG TAK,MALE,59,591,LOST DEPOSIT,,,,,,
P.162,Johor,P.162,Iskandar Puteri,1.4522711,103.6144729,PH - DAP,Pakatan Harapan (PH),,138299,44864,85.89,118779,204,1987,116588,MCA,JASON TEOH SEW HOCK,MALE,49,35862,,DAP,LIM KIT SIANG,MALE,77,80726,,,,,,,,,,,,,,,,,,,,,,,,,,,,,,,,,,,,,,,,,,,,,,,,,
P.163,Johor,P.163,Kulai,1.6666667,103.6,PH - DAP,Pakatan Harapan (PH),,99147,32748,86.42,85687,168,976,84543,MCA,TANG NAI SOON,MALE,49,22564,,DAP,TEO NIE CHING,FEMALE,37,55312,,PAS,USTAZ JUWAHIR BIN AMIN,MALE,,6667,LOST DEPOSIT,,,,,,,,,,,,,,,,,,,,,,,,,,,,,,,,,,,,,,,,,,
P.164,Johor,P.164,Pontian,1.5,103.5,BN - UMNO,Barisan Nasional (BN),,55570,833,84.01,46683,219,738,45726,UMNO,DATUK SERI HAJI AHMAD HAJI MASLAN,MALE,52,21132,,PPBM,HAJI KARMAINE BIN SARDINI,MALE,65,20299,,PAS,DR BAHAROM MOHAMAD,MALE,,4295,LOST DEPOSIT,,,,,,,,,,,,,,,,,,,,,,,,,,,,,,,,,,,,,,,,,,
P.165,Johor,P.165,Tanjung Piai,1.2679048,103.5086586,PH - PPBM,Pakatan Harapan (PH),,53528,524,85.67,45858,69,841,44948,MCA,WEE JECK SENG,MALE,54,20731,,PPBM,MD FARID,MALE,42,21255,,PAS,NORDIN BIN OTHMAN,MALE,,2962,LOST DEPOSIT,,,,,,,,,,,,,,,,,,,,,,,,,,,,,,,,,,,,,,,,,,
P.166,Wilayah Persekutuan Labuan,P.166,Labuan,5.3168336,115.2198613,BN - UMNO,Barisan Nasional (BN),,28356,1450,76.63,21729,69,302,21358,UMNO,ROZMAN BIN ISLI,MALE,53,10164,,,,,,,,PAS,USTAZ JUNID,MALE,,1555,LOST DEPOSIT,PHRS,SITI ZALEHA BINTI S.W. IBRAHIM,FEMALE,,925,LOST DEPOSIT,,,,,,,WARISAN,NOOR HALIM BIN ZAINI,MALE,53,8714,,,,,,,,,,,,,,,,,,,,,,,,,
P.167,Sabah,P.167,Kudat,7.2316455,117.1711562,BN - UMNO,Barisan Nasional (BN),,52251,1359,73.12,38205,171,955,37079,UMNO,DATUK ABD RAHIM BAKRI,MALE,57,18503,,,,,,,,,,,,,,,,,,,,PPRS,MOHD ASHRAF CHIN ABDULLAH,MALE,,1432,LOST DEPOSIT,WARISAN,SHARIFF AZMAN SH ALONG,MALE,48,17144,,,,,,,,,,,,,,,,,,,,,,,,,
P.168,Sabah,P.168,Kota Marudu,6.4465546,116.828293,BN - PBS,Barisan Nasional (BN),,47007,1774,74.95,35231,146,1179,33906,PBS,DATUK SERI PANGLIMA DR. MAXIMUS JOHNITY ONGKILI,MALE,65,13033,,,,,,,,,,,,,,PHRS,DATUK MAIJOL MAHAP,MALE,,11259,,,,,,,,WARISAN,BARLUS BIN MANGABIS,MALE,,7113,,PCS,DR. PAUL PORODONG,MALE,,2501,LOST DEPOSIT,,,,,,,,,,,,,,,,,,
P.169,Sabah,P.169,Kota Belud,6.3347195,116.4835961,WARISAN,Warisan,,57919,4262,82.12,47565,294,1173,46098,UMNO,SALLEH SAID KERUAK,MALE,61,19167,,,,,,,,PAS,HJ. AG LAIMAN BIN HJ. IKIN,MALE,57,1410,LOST DEPOSIT,PHRS,MIASIN @ AIMADUDDIN BIN MION,MALE,,2092,LOST DEPOSIT,,,,,,,WARISAN,MUNIRAH MAJILIS,FEMALE,36,23429,,,,,,,,,,,,,,,,,,,,,,,,,
P.170,Sabah,P.170,Tuaran,6.0659213,116.3198111,BN - UPKO,Barisan Nasional (BN),,54400,7624,82.42,44834,233,958,43643,UPKO,DATUK SERI PANGLIMA WILFRED MADIUS TANGAU,MALE,60,22494,,PKR,CHRISNADIA SINAM,FEMALE,35,14870,,PAS,PAUMIN @ MOD AMINUDDIN BIN ALING,MALE,,1357,LOST DEPOSIT,PHRS,SYRA PETER @ P GOM,FEMALE,,2311,LOST DEPOSIT,,,,,,,,,,,,,PCS,KALAKAU @ KALAKAN BIN UNTOL @ ENTO,MALE,,2611,LOST DEPOSIT,,,,,,,,,,,,,,,,,,
P.171,Sabah,P.171,Sepanggar,6.0679124,116.0743453,WARISAN,Warisan,,62415,12984,78.53,49012,314,913,47785,UMNO,ABD RAHMAN BIN DAHLAN,MALE,53,15436,,,,,,,,,,,,,,SAPP,JEFFREY KUMIN,MALE,51,2958,LOST DEPOSIT,,,,,,,WARISAN,MOHD AZIS BIN JAMMAN,MALE,44,28420,,PCS,ROBERT SOPINING,MALE,,971,LOST DEPOSIT,,,,,,,,,,,,,,,,,,
P.172,Sabah,P.172,Kota Kinabalu,5.9780066,116.0728988,PH - DAP,Pakatan Harapan (PH),,56220,24086,76.44,42973,100,563,42310,PBS,DR. JOSEPH LEE HAN KYUN,MALE,46,7546,,DAP,CHAN FOONG HIN,MALE,40,31632,,,,,,,,SAPP,YONG TECK LEE,MALE,60,3132,LOST DEPOSIT,,,,,,,,,,,,,,,,,,,,,,,,,,,,,,,,,,,,
P.173,Sabah,P.173,Putatan,5.8814478,116.0656182,PH - PKR,Pakatan Harapan (PH),,41312,2339,77.13,31865,249,826,30790,UPKO,DATUK DR. MARCUS MAKIN MOJIGOH,MALE,66,11767,,PKR,AWANG HUSAINI BIN DATUK SAHARI,MALE,51,14106,,PAS,ZULZAIM HILMEE ABIDIN,MALE,,2434,LOST DEPOSIT,PHRS,EDMUND JIVOL DOUDILIM,MALE,60,1755,LOST DEPOSIT,,,,,,,,,,,,,ANAKNEGERI,MIL KUSIN ABDILLAH SULAI,MALE,,728,LOST DEPOSIT,,,,,,,,,,,,,,,,,,
P.174,Sabah,P.174,Penampang,5.8626228,116.1138146,WARISAN,Warisan,,53131,23473,82.17,43659,134,417,43108,UPKO,CEASAR MANDELA MALAKUN,MALE,27,8997,,,,,,,,,,,,,,STAR,CLEFTUS STEPHEN SPINE,MALE,63,1196,LOST DEPOSIT,,,,,,,WARISAN,DARELL LEIKING,MALE,44,32470,,ANAKNEGERI,DR. EDWIN @ JACK BOSI,MALE,62,445,LOST DEPOSIT,,,,,,,,,,,,,,,,,,
P.175,Sabah,P.175,Papar,5.7461495,116.0449789,WARISAN,Warisan,,43586,325,83.83,36540,161,543,35836,UMNO,ROSNAH HJ ABD RASHID SHIRLIN,FEMALE,46,17069,,,,,,,,,,,,,,STAR,JAMIL BIN WILLIAM CORE,MALE,54,892,LOST DEPOSIT,,,,,,,WARISAN,AHMAD BIN HASSAN,MALE,58,17394,,PCS,ELBERT BIN SIKUIL,MALE,,481,LOST DEPOSIT,,,,,,,,,,,,,,,,,,
P.176,Sabah,P.176,Kimanis,5.6150677,115.8883036,BN - UMNO,Barisan Nasional (BN),,29618,156,86.16,25519,106,385,25028,UMNO,ANIFAH AMAN,MALE,65,11942,,,,,,,,,,,,,,PHRS,JAAFAR BIN ISMAIL,MALE,61,1300,LOST DEPOSIT,,,,,,,WARISAN,KARIM BIN BUJANG,MALE,65,11786,,,,,,,,,,,,,,,,,,,,,,,,,
P.177,Sabah,P.177,Beaufort,5.2911244,115.672474,BN - UMNO,Barisan Nasional (BN),,33342,3331,84.44,28154,143,799,27212,UMNO,DATUK AZIZAH BINTI MOHD DUN,FEMALE,58,11354,,PKR,DATUK JOHN OT GHANI,MALE,68,7835,,,,,,,,PHRS,LAJIM BIN UKIN (DATUK SERI PANGLIMA),MALE,63,8023,,,,,,,,,,,,,,,,,,,,,,,,,,,,,,,,,,,,,
P.178,Sabah,P.178,Sipitang,4.634452,115.6861012,BN - UMNO,Barisan Nasional (BN),,31882,852,79.93,25483,116,596,24771,UMNO,HAFEZ MUSA,MALE,39,12038,,,,,,,,,,,,,,PHRS,DAYANG AEZZY BINTI LIMAN,FEMALE,,1547,LOST DEPOSIT,,,,,,,WARISAN,NOOR HAYATY BINTI MUSTAPHA,FEMALE,48,11186,,,,,,,,,,,,,,,,,,,,,,,,,
P.179,Sabah,P.179,Ranau,5.8980313,116.6696079,PH - PKR,Pakatan Harapan (PH),,43706,1076,77.57,33904,193,769,32942,UPKO,DATUK DR. EWON EBIN,MALE,64,13804,,PKR,JONATHAN BIN YASIN,MALE,,14880,,,,,,,,STAR,SOUDI @ SAMI BIN ANDANG,MALE,,3148,LOST DEPOSIT,,,,,,,,,,,,,PCS,ANDAU BIN YASUN @ BRUNO,MALE,,1110,LOST DEPOSIT,,,,,,,,,,,,,,,,,,
P.180,Sabah,P.180,Keningau,5.2179477,116.2463149,GSABAH - STAR,Sabah Star,,51177,45,79.94,40913,242,522,40149,PBS,DATUK DANIEL KINSIK,MALE,59,12742,,,,,,,,,,,,,,STAR,DATUK DR. JEFFREY KITINGAN,MALE,70,13286,,,,,,,,WARISAN,JAKE NOINTIN,MALE,,13241,,PCS,JIUS BIN AWANG,MALE,,433,LOST DEPOSIT,,,,,,,INDEPENDENT - KEY,MAIMIN @ JEFFRUS RIJAN,MALE,,248,LOST DEPOSIT,INDEPENDENT - BOOK,DATUK JUSTIN GUKA,MALE,,199,LOST DEPOSIT
P.181,Sabah,P.181,Tenom,4.9104025,115.9050951,PH - DAP,Pakatan Harapan (PH),,29182,1133,78.91,23027,128,661,22238,UMNO,RUBIN BIN BALANG,MALE,55,10230,,DAP,NOORITA SUAL,FEMALE,38,11363,,,,,,,,PHRS,LAIMOI @ YUSLINAH BINTI LAIKIM,FEMALE,,645,LOST DEPOSIT,,,,,,,,,,,,,,,,,,,,,,,,,,,,,,,,,,,,
P.182,Sabah,P.182,Pensiangan,4.5384978,116.3117345,BN - PBRS,Barisan Nasional (BN),,31377,2314,79.53,24955,59,528,24368,PBRS,ARTHUR JOSEPH KURUP,MALE,36,11783,,PKR,RAYMOND BIN AHUAR,MALE,33,9469,,,,,,,,STAR,RICHARD JOE JIMMY,MALE,,2839,LOST DEPOSIT,,,,,,,,,,,,,PCS,MAIDIN BIN ATAK @ MAIDIN HAJI OSMAN,MALE,,212,LOST DEPOSIT,,,,,,,INDEPENDENT - HOUSE,ENGAH BIN SINTAN,MALE,,65,LOST DEPOSIT,,,,,,
P.183,Sabah,P.183,Beluran,6.1366933,117.3629228,BN - UMNO,Barisan Nasional (BN),,28509,7115,75.79,21606,76,832,20698,UMNO,DATUK RONALD KIANDEE,MALE,57,13007,,,,,,,,,,,,,,PHRS,SIPIN BIN KADANDI,MALE,,996,LOST DEPOSIT,PPRS,LEM MATIN @ SALIM BIN MATIN,MALE,,273,LOST DEPOSIT,WARISAN,DR. JAPAR BIN ZAIRUN,MALE,49,5892,,PCS,TOIDY LUIT,MALE,,284,LOST DEPOSIT,,,,,,,INDEPENDENT - BOOK,SALIMAH BINTI OYONG,FEMALE,,246,LOST DEPOSIT,,,,,,
P.184,Sabah,P.184,Libaran,6.1154317,118.0218224,BN - UMNO,Barisan Nasional (BN),,47914,678,77.74,37248,157,948,36143,UMNO,ZAKARIA BIN MOHD. EDRIS @ TUBAU,MALE,58,17799,,,,,,,,,,,,,,PHRS,ALFIAN BIN MANSYUR,MALE,35,1223,LOST DEPOSIT,,,,,,,WARISAN,IRWANSHAH BIN MUSTAPA,MALE,,17121,,,,,,,,,,,,,,,,,,,,,,,,,
P.185,Sabah,P.185,Batu Sapi,5.8037817,118.0445333,WARISAN,Warisan,,32574,4619,73.77,24029,113,655,23261,PBS,LINDA TSEN THAU LIN,MALE,62,8357,,PAN,HAMZAH ABDULLAH,MALE,64,980,LOST DEPOSIT,PAS,NORSAH BONGSU,FEMALE,47,948,LOST DEPOSIT,,,,,,,,,,,,,WARISAN,LIEW VUI KEONG,MALE,58,12976,,,,,,,,,,,,,,,,,,,,,,,,,
P.186,Sabah,P.186,Sandakan,5.8391274,118.1158598,PH - DAP,Pakatan Harapan (PH),,39777,10098,72.07,28668,76,502,28090,LDP,LIM MING HOO,MALE,59,8996,,DAP,STEPHEN WONG TIEN FATT,MALE,64,19094,,,,,,,,,,,,,,,,,,,,,,,,,,,,,,,,,,,,,,,,,,,,,,,,,
P.187,Sabah,P.187,Kinabatangan,5.332648,118.1212915,BN - UMNO,Barisan Nasional (BN),,28730,9478,77.47,22257,78,661,21518,UMNO,BUNG MOKTAR RADIN,MALE,59,14465,,,,,,,,,,,,,,PHRS,MUSTAPA BIN DATU TAMBUYONG,MALE,,2066,LOST DEPOSIT,,,,,,,WARISAN,GHAZALI ABDUL GHANI,MALE,,4987,,,,,,,,,,,,,,,,,,,,,,,,,
P.188,Sabah,P.188,Silam,4.9566648,118.164739,WARISAN,Warisan,,60942,6401,72.68,44294,175,1079,43040,UMNO,DATU NASRUN BIN DATU MANSUR,MALE,66,16951,,,,,,,,PAS,RAMLI BIN PATARUDDIN,MALE,44,1431,LOST DEPOSIT,PHRS,SITI SHAZIANTI BINTI AJAK,FEMALE,,1306,LOST DEPOSIT,,,,,,,WARISAN,MOHAMADDIN BIN KETAPI,MALE,61,23352,,,,,,,,,,,,,,,,,,,,,,,,,
P.189,Sabah,P.189,Semporna,4.4790765,118.4297732,WARISAN,Warisan,,48248,20674,71.74,34613,205,982,33426,UMNO,HAJI RAMLEE MARAHABAN,MALE,55,6135,,,,,,,,PAS,ABDUL NASIR BIN AB RAUP,MALE,42,384,LOST DEPOSIT,PHRS,ASMARA BIN ASMAD,MALE,,98,LOST DEPOSIT,,,,,,,WARISAN,MOHD. SHAFIE APDAL,MALE,62,26809,,,,,,,,,,,,,,,,,,,,,,,,,
P.190,Sabah,P.190,Tawau,4.2435206,117.885331,PH - PKR,Pakatan Harapan (PH),,59919,4727,73.20,43861,127,981,42753,PBS,MARY YAP KAIN CHING,FEMALE,67,16673,,PKR,CHRISTINA LIEW,FEMALE,66,21400,,PAS,MOHAMAD BIN HUSAIN,MALE,66,2518,LOST DEPOSIT,PHRS,ALIZAMAN BIN JIJURAHMAN,MALE,,2162,LOST DEPOSIT,,,,,,,,,,,,,,,,,,,,,,,,,,,,,,,,,,,,
P.191,Sabah,P.191,Kalabakan,4.4808936,117.4071326,WARISAN,Warisan,,52199,3187,72.88,38041,292,840,36909,UMNO,ABDUL GHAPUR SALLEH,MALE,75,15299,,,,,,,,PAS,NORBIN BIN ALOH,MALE,,2813,LOST DEPOSIT,PPRS,AHMAD BIN LAHAMA,MALE,,311,LOST DEPOSIT,,,,,,,WARISAN,MA'MUN BIN SULAIMAN,MALE,62,18486,,,,,,,,,,,,,,,,,,,,,,,,,
P.192,Sarawak,P.192,Mas Gading,1.4166866,110.1561153,PH - DAP,Pakatan Harapan (PH),,29617,3024,77.06,22822,68,236,22518,PDP,NOGEH ANAK GUMBEK,MALE,61,9747,,DAP,MORDI ANAK BIMOL,MALE,33,12771,,,,,,,,,,,,,,,,,,,,,,,,,,,,,,,,,,,,,,,,,,,,,,,,,
P.193,Sarawak,P.193,Santubong,1.7368773,110.3325372,BN - PBB,Barisan Nasional (BN),,45628,19485,74.23,33868,155,440,33273,PBB,WAN JUNAIDI BIN TUANKU JAAFAR,MALE,72,26379,,PAN,MOHAMAD FIDZUAN BIN ZAIDI,MALE,40,6894,,,,,,,,,,,,,,,,,,,,,,,,,,,,,,,,,,,,,,,,,,,,,,,,,
P.194,Sarawak,P.194,Petra Jaya,1.5715783,110.351203,BN - PBB,Barisan Nasional (BN),,57925,15017,75.12,43513,214,354,42945,PBB,FADILLAH BIN YUSOF,MALE,56,28306,,PKR,NOR IRWAN BIN AHMAT NOR,MALE,42,13289,,PAS,HAMDAN BIN SANI,MALE,31,1350,LOST DEPOSIT,,,,,,,,,,,,,,,,,,,,,,,,,,,,,,,,,,,,,,,,,,
P.195,Sarawak,P.195,Bandar Kuching,1.6346489,110.3422861,PH - DAP,Pakatan Harapan (PH),,81856,35973,75.11,61483,119,241,61123,SUPP,KHO TECK WAN,FEMALE,41,12575,,DAP,KELVIN YII LEE WUEN,MALE,32,48548,,,,,,,,,,,,,,,,,,,,,,,,,,,,,,,,,,,,,,,,,,,,,,,,,
P.196,Sarawak,P.196,Stampin,1.5078284,110.3516797,PH - DAP,Pakatan Harapan (PH),,66240,14221,79.33,52550,243,408,51899,SUPP,SIM KUI HIAN,MALE,53,18839,,DAP,CHONG CHIENG JEN,MALE,47,33060,,,,,,,,,,,,,,,,,,,,,,,,,,,,,,,,,,,,,,,,,,,,,,,,,
P.197,Sarawak,P.197,Kota Samarahan,1.4596157,110.4954562,BN - PBB,Barisan Nasional (BN),,46300,16992,78.94,36551,253,431,35867,PBB,RUBIAH BINTI WANG,FEMALE,50,25070,,PAN,SOPIAN BIN JULAIHI,MALE,50,8078,,PAS,ZULKIPLI BIN RAMZI,MALE,40,2719,LOST DEPOSIT,,,,,,,,,,,,,,,,,,,,,,,,,,,,,,,,,,,,,,,,,,
P.198,Sarawak,P.198,Puncak Borneo,1.3350614,110.3048801,PH - PKR,Pakatan Harapan (PH),,46180,4005,76.10,35142,108,514,34520,PBB,GENOT ANAK SINEL @ JEANNOTH SINEL,MALE,53,14860,,PKR,WILLIE ANAK MONGIN,MALE,43,18865,,,,,,,,,,,,,,,,,,,,,,,,,,,,,,,,STAR SARAWAK,BULN ANAK PATRICK RIBOS,MALE,49,795,LOST DEPOSIT,,,,,,,,,,,,
P.199,Sarawak,P.199,Serian,1.1136159,110.6182211,BN - SUPP,Barisan Nasional (BN),,37629,9905,74.09,27880,76,385,27419,SUPP,RICHARD RIOT ANAK JAEM,MALE,67,17545,,DAP,EDWARD ANAK ANDREW LUWAK @ EDWARD LUWAK,MALE,65,7640,,,,,,,,,,,,,,,,,,,,,,,,,,,,,,,,,,,,,,INDEPENDENT - FISH,SENIOR ANAK WILLIAM RADE,MALE,59,2234,LOST DEPOSIT,,,,,,
P.200,Sarawak,P.200,Batang Sadong,1.418612,110.7036751,BN - PBB,Barisan Nasional (BN),,23213,12328,74.74,17349,63,220,17066,PBB,NANCY BINTI SHUKRI,FEMALE,57,14208,,PAN,OTHMAN BIN MUSTAPHA @ MOS,MALE,63,1880,LOST DEPOSIT,PAS,ASAN BIN SINGKRO,MALE,55,978,LOST DEPOSIT,,,,,,,,,,,,,,,,,,,,,,,,,,,,,,,,,,,,,,,,,,
P.201,Sarawak,P.201,Batang Lupar,2.5023855,112.9547283,BN - PBB,Barisan Nasional (BN),,29811,10277,69.11,20603,49,403,20151,PBB,ROHANI BINTI ABDUL KARIM,FEMALE,63,14204,,PAN,NARUDIN BIN MENTALI,MALE,,2020,LOST DEPOSIT,PAS,WAN ABDILLAH BIN WAN AHMAD,MALE,46,3927,,,,,,,,,,,,,,,,,,,,,,,,,,,,,,,,,,,,,,,,,,,
P.202,Sarawak,P.202,Sri Aman,1.2097123,111.2866092,BN - PRS,Barisan Nasional (BN),,33016,5820,70.81,23379,84,295,23000,PRS,MASIR ANAK KUJAT,MALE,64,14141,,PKR,NORINA UMOI ANAK UTOT,FEMALE,57,8321,,,,,,,,,,,,,,,,,,,,,,,,,,PBDSB,COBBOLD ANAK LUSOI,MALE,56,538,LOST DEPOSIT,,,,,,,,,,,,,,,,,,
P.203,Sarawak,P.203,Lubok Antu,1.2860121,111.8674654,INDEPENDENT,Independent,,20801,1059,71.08,14785,35,199,14551,PRS,ROBERT PASANG ANAK ALAM,MALE,52,4775,,PKR,NICHOLAS BAWIN ANAK ANGGAT,MALE,59,3942,,,,,,,,,,,,,,,,,,,,,,,,,,,,,,,,,,,,,,INDEPENDENT - KEY,TAMBAT @ JUGAH AK MUYANG,MALE,54,5834,,,,,,,
P.204,Sarawak,P.204,Betong,1.4797292,111.474787,BN - PBB,Barisan Nasional (BN),,29145,8116,72.62,21165,162,283,20720,PBB,ROBERT LAWSON CHUAT ,MALE,60,12517,,PKR,NOEL CHANGGAI BUCKING,MALE,,3802,,,,,,,,,,,,,,,,,,,,,,,,,,,,,,,,,,,,,,INDEPENDENT - BOOK,ABANG AHMAD BIN ABANG SUNI,MALE,64,4401,,,,,,,
P.205,Sarawak,P.205,Saratok,1.7668371,111.4087566,PH - PKR,Pakatan Harapan (PH),,30517,989,75.64,23084,120,257,22707,PDP,JAGAH @ SUBENG ANAK MULA,MALE,55,10859,,PKR,ALI ANAK BIJU ,MALE,50,11848,,,,,,,,,,,,,,,,,,,,,,,,,,,,,,,,,,,,,,,,,,,,,,,,,
P.206,Sarawak,P.206,Tanjong Manis,2.129,111.2907,BN - PBB,Barisan Nasional (BN),,21899,8674,65.87,14425,81,214,14130,PBB,YUSUF BIN ABD WAHAB,MALE,54,11402,,PAN,MOHAMAD FADILLAH BIN SABALI,MALE,37,2728,,,,,,,,,,,,,,,,,,,,,,,,,,,,,,,,,,,,,,,,,,,,,,,,,
P.207,Sarawak,P.207,Igan,2.8212516,111.7063114,BN - PBB,Barisan Nasional (BN),,19592,8495,66.33,12996,98,317,12581,PBB,AHMAD JOHNIE BIN ZAWAWI,MALE,56,10538,,PAN,ANDRI ZULKARNAEN BIN HAMDEN,MALE,46,2043,,,,,,,,,,,,,,,,,,,,,,,,,,,,,,,,,,,,,,,,,,,,,,,,,
P.208,Sarawak,P.208,Sarikei,2.1294846,111.5230586,PH - DAP,Pakatan Harapan (PH),,39561,2570,78.09,30895,79,340,30476,SUPP,HUANG TIONG SII,MALE,49,13757,,DAP,WONG LING BIU,MALE,59,16327,,,,,,,,,,,,,,,,,,,,,,,,,,PBK,WONG CHIN KING,MALE,52,392,LOST DEPOSIT,,,,,,,,,,,,,,,,,,
P.209,Sarawak,P.209,Julau,1.8198041,111.8990022,INDEPENDENT,Independent,,25380,1931,73.16,18569,49,241,18279,PRS,JOSEPH SALANG ANAK GANDUM,MALE,68,8174,,,,,,,,,,,,,,,,,,,,,,,,,,,,,,,,,,,,,,,,,,,,INDEPENDENT - CHAIR,LARRY SOON @ LARRY SNG WEI SHIEN,MALE,39,10105,,,,,,,
P.210,Sarawak,P.210,Kanowit,1.9353301,112.2098575,BN - PRS,Barisan Nasional (BN),,21022,4312,72.06,15149,62,295,14792,PRS,AGO ANAK DAGANG,MALE,60,9552,,PKR,SATU ANAK ANCHOM,MALE,44,5240,,,,,,,,,,,,,,,,,,,,,,,,,,,,,,,,,,,,,,,,,,,,,,,,,
P.211,Sarawak,P.211,Lanang,2.2397256,111.8478428,PH - DAP,Pakatan Harapan (PH),,61973,14546,74.90,46419,162,365,45892,SUPP,KONG SIEN CHIU,MALE,46,15359,,DAP,ALICE LAU KIONG YIENG,FEMALE,37,29905,,,,,,,,,,,,,,,,,,,,,,,,,,PEACE,PRISCILLA LAU,FEMALE,49,628,LOST DEPOSIT,,,,,,,,,,,,,,,,,,
P.212,Sarawak,P.212,Sibu,2.2906434,111.8256158,PH - DAP,Pakatan Harapan (PH),,74149,11422,77.80,57689,421,515,56753,SUPP,WONG KEE YEW,MALE,42,22389,,DAP,OSCAR LING CHAI YEW,MALE,41,33811,,,,,,,,,,,,,,,,,,,,,,,,,,PEACE,TIEW YEN HOUNG,FEMALE,48,377,LOST DEPOSIT,STAR SARAWAK,TIONG ING TUNG,MALE,50,176,LOST DEPOSIT,,,,,,,,,,,,
P.213,Sarawak,P.213,Mukah,2.8118528,112.291206,BN - PBB,Barisan Nasional (BN),,30608,7000,69.28,21205,120,379,20706,PBB,HANIFAH HAJAR TAIB,FEMALE,46,13853,,PKR,ABDUL JALIL BIN BUJANG,MALE,59,6853,,,,,,,,,,,,,,,,,,,,,,,,,,,,,,,,,,,,,,,,,,,,,,,,,
P.214,Sarawak,P.214,Selangau,2.4955896,112.3524958,PH - PKR,Pakatan Harapan (PH),,30026,486,74.44,22352,48,334,21970,PRS,RITA SARIMAH ANAK PATRICK INSOL,FEMALE,57,10742,,PKR,BARU BIAN,MALE,60,11228,,,,,,,,,,,,,,,,,,,,,,,,,,,,,,,,,,,,,,,,,,,,,,,,,
P.215,Sarawak,P.215,Kapit,2.0139027,112.9356766,BN - PBB,Barisan Nasional (BN),,30658,10479,60.29,18485,82,278,18125,PBB,ALEXANDER NANTA LINGGI,MALE,60,14302,,DAP,PAREN ANAK NYAWI,MALE,37,3823,,,,,,,,,,,,,,,,,,,,,,,,,,,,,,,,,,,,,,,,,,,,,,,,,
P.216,Sarawak,P.216,Hulu Rajang,2.2907,114.849,BN - PRS,Barisan Nasional (BN),,27520,6315,64.41,17727,68,306,17353,PRS,UGAK ANAK KUMBONG,MALE,56,11834,,PKR,ABUN SUI ANYIT,MALE,45,5519,,,,,,,,,,,,,,,,,,,,,,,,,,,,,,,,,,,,,,,,,,,,,,,,,
P.217,Sarawak,P.217,Bintulu,3.1874261,113.0472803,BN - PDP,Barisan Nasional (BN),,65049,7022,73.85,48036,55,523,47458,PDP,TIONG KING SING,MALE,57,27076,,DAP,CHIEW CHAN YEW,MALE,31,20054,,,,,,,,,,,,,,,,,,,,,,,,,,,,,,,,STAR SARAWAK,CHIENG LEA PHING,FEMALE,59,328,LOST DEPOSIT,,,,,,,,,,,,
P.218,Sarawak,P.218,Sibuti,4.5126609,114.0146618,BN - PBB,Barisan Nasional (BN),,31868,3676,71.22,22697,44,284,22369,PBB,LUKANISMAN BIN AWANG SAUNI,MALE,36,12214,,PKR,JEMAT PANJANG,MALE,60,8538,,PAS,ZULAIHI BIN BAKAR,MALE,49,1617,LOST DEPOSIT,,,,,,,,,,,,,,,,,,,,,,,,,,,,,,,,,,,,,,,,,,
P.219,Sarawak,P.219,Miri,4.392739,113.9880255,PH - PKR,Pakatan Harapan (PH),,80386,13663,72.70,58439,111,513,57815,SUPP,SEBASTIAN TING CHIEW YEW,MALE,63,22076,,PKR,MICHAEL TEO YU KENG,MALE,71,35739,,,,,,,,,,,,,,,,,,,,,,,,,,,,,,,,,,,,,,,,,,,,,,,,,
P.220,Sarawak,P.220,Baram,3.2022972,115.3967428,BN - PDP,Barisan Nasional (BN),,35685,1990,63.91,22806,55,399,22352,PDP,ANYI NGAU,MALE,60,12171,,PKR,ROLAND ENGAN,MALE,46,10181,,,,,,,,,,,,,,,,,,,,,,,,,,,,,,,,,,,,,,,,,,,,,,,,,
P.221,Sarawak,P.221,Limbang,4.3519985,115.0602417,BN - PBB,Barisan Nasional (BN),,26409,7710,67.41,17802,133,201,17468,PBB,HASBI BIN HABIBOLLAH,MALE,55,12589,,PKR,RICARDO OSMUND YAMPIL BABA,MALE,64,4879,,,,,,,,,,,,,,,,,,,,,,,,,,,,,,,,,,,,,,,,,,,,,,,,,
P.222,Sarawak,P.222,Lawas,4.4551211,115.427188,BN - PBB,Barisan Nasional (BN),,21297,6000,68.32,14550,143,157,14250,PBB,HENRY SUM AGONG,MALE,72,10037,,PKR,DANNY PIRI,MALE,39,4037,,,,,,,,,,,,,,,,,,,,,,,,,,,,,,,,,,,,,,INDEPENDENT - KEY,MOHAMAD BIN HAJI BRAHIM,MALE,53,176,LOST DEPOSIT,,,,,,
